realne,velike_op,velike_dp,male_dp,male_op
tshirt_0.png,tshirt0_openpose0.png,tshirt0_densepose0.png,tshirt0_densepose0.png,tshirt0_openpose0.png
tshirt_1.png,tshirt1_openpose1.png,tshirt1_densepose1.png,tshirt1_densepose1.png,tshirt1_openpose1.png
tshirt_2.png,tshirt2_openpose2.png,tshirt2_densepose2.png,tshirt2_densepose2.png,tshirt2_openpose2.png
tshirt_3.png,tshirt3_openpose3.png,tshirt3_densepose3.png,tshirt3_densepose3.png,tshirt3_openpose3.png
tshirt_4.png,tshirt4_openpose4.png,tshirt4_densepose4.png,tshirt4_densepose4.png,tshirt4_openpose4.png
tshirt_5.png,tshirt5_openpose5.png,tshirt5_densepose5.png,tshirt5_densepose5.png,tshirt5_openpose5.png
tshirt_6.png,tshirt6_openpose6.png,tshirt6_densepose6.png,tshirt6_densepose6.png,tshirt6_openpose6.png
tshirt_7.png,tshirt7_openpose7.png,tshirt7_densepose7.png,tshirt7_densepose7.png,tshirt7_openpose7.png
tshirt_8.png,tshirt8_openpose8.png,tshirt8_densepose8.png,tshirt8_densepose8.png,tshirt8_openpose8.png
tshirt_9.png,tshirt9_openpose9.png,tshirt9_densepose9.png,tshirt9_densepose9.png,tshirt9_openpose9.png
tshirt_10.png,tshirt10_openpose10.png,tshirt10_densepose10.png,tshirt10_densepose10.png,tshirt10_openpose10.png
tshirt_11.png,tshirt11_openpose11.png,tshirt11_densepose11.png,tshirt11_densepose11.png,tshirt11_openpose11.png
tshirt_12.png,tshirt12_openpose12.png,tshirt12_densepose12.png,tshirt12_densepose12.png,tshirt12_openpose12.png
tshirt_13.png,tshirt13_openpose13.png,tshirt13_densepose13.png,tshirt13_densepose13.png,tshirt13_openpose13.png
tshirt_14.png,tshirt14_openpose14.png,tshirt14_densepose14.png,tshirt14_densepose14.png,tshirt14_openpose14.png
tshirt_15.png,tshirt15_openpose15.png,tshirt15_densepose15.png,tshirt15_densepose15.png,tshirt15_openpose15.png
tshirt_16.png,tshirt16_openpose16.png,tshirt16_densepose16.png,tshirt16_densepose16.png,tshirt16_openpose16.png
tshirt_17.png,tshirt17_openpose17.png,tshirt17_densepose17.png,tshirt17_densepose17.png,tshirt17_openpose17.png
tshirt_18.png,tshirt18_openpose18.png,tshirt18_densepose18.png,tshirt18_densepose18.png,tshirt18_openpose18.png
tshirt_19.png,tshirt19_openpose19.png,tshirt19_densepose19.png,tshirt19_densepose19.png,tshirt19_openpose19.png
tshirt_20.png,tshirt20_openpose20.png,tshirt20_densepose20.png,tshirt20_densepose20.png,tshirt20_openpose20.png
tshirt_21.png,tshirt21_openpose21.png,tshirt21_densepose21.png,tshirt21_densepose21.png,tshirt21_openpose21.png
tshirt_22.png,tshirt22_openpose22.png,tshirt22_densepose22.png,tshirt22_densepose22.png,tshirt22_openpose22.png
tshirt_23.png,tshirt23_openpose23.png,tshirt23_densepose23.png,tshirt23_densepose23.png,tshirt23_openpose23.png
tshirt_24.png,tshirt24_openpose24.png,tshirt24_densepose24.png,tshirt24_densepose24.png,tshirt24_openpose24.png
tshirt_25.png,tshirt25_openpose25.png,tshirt25_densepose25.png,tshirt25_densepose25.png,tshirt25_openpose25.png
tshirt_26.png,tshirt26_openpose26.png,tshirt26_densepose26.png,tshirt26_densepose26.png,tshirt26_openpose26.png
tshirt_27.png,tshirt27_openpose27.png,tshirt27_densepose27.png,tshirt27_densepose27.png,tshirt27_openpose27.png
tshirt_28.png,tshirt28_openpose28.png,tshirt28_densepose28.png,tshirt28_densepose28.png,tshirt28_openpose28.png
tshirt_29.png,tshirt29_openpose29.png,tshirt29_densepose29.png,tshirt29_densepose29.png,tshirt29_openpose29.png
tshirt_30.png,tshirt30_openpose30.png,tshirt30_densepose30.png,tshirt30_densepose30.png,tshirt30_openpose30.png
tshirt_31.png,tshirt31_openpose31.png,tshirt31_densepose31.png,tshirt31_densepose31.png,tshirt31_openpose31.png
tshirt_32.png,tshirt32_openpose32.png,tshirt32_densepose32.png,tshirt32_densepose32.png,tshirt32_openpose32.png
tshirt_33.png,tshirt33_openpose33.png,tshirt33_densepose33.png,tshirt33_densepose33.png,tshirt33_openpose33.png
tshirt_34.png,tshirt34_openpose34.png,tshirt34_densepose34.png,tshirt34_densepose34.png,tshirt34_openpose34.png
tshirt_35.png,tshirt35_openpose35.png,tshirt35_densepose35.png,tshirt35_densepose35.png,tshirt35_openpose35.png
tshirt_36.png,tshirt36_openpose36.png,tshirt36_densepose36.png,tshirt36_densepose36.png,tshirt36_openpose36.png
tshirt_37.png,tshirt37_openpose37.png,tshirt37_densepose37.png,tshirt37_densepose37.png,tshirt37_openpose37.png
tshirt_38.png,tshirt38_openpose38.png,tshirt38_densepose38.png,tshirt38_densepose38.png,tshirt38_openpose38.png
tshirt_39.png,tshirt39_openpose39.png,tshirt39_densepose39.png,tshirt39_densepose39.png,tshirt39_openpose39.png
tshirt_40.png,tshirt40_openpose40.png,tshirt40_densepose40.png,tshirt40_densepose40.png,tshirt40_openpose40.png
tshirt_41.png,tshirt41_openpose41.png,tshirt41_densepose41.png,tshirt41_densepose41.png,tshirt41_openpose41.png
tshirt_42.png,tshirt42_openpose42.png,tshirt42_densepose42.png,tshirt42_densepose42.png,tshirt42_openpose42.png
tshirt_43.png,tshirt43_openpose43.png,tshirt43_densepose43.png,tshirt43_densepose43.png,tshirt43_openpose43.png
tshirt_44.png,tshirt44_openpose44.png,tshirt44_densepose44.png,tshirt44_densepose44.png,tshirt44_openpose44.png
tshirt_45.png,tshirt45_openpose45.png,tshirt45_densepose45.png,tshirt45_densepose45.png,tshirt45_openpose45.png
tshirt_46.png,tshirt46_openpose46.png,tshirt46_densepose46.png,tshirt46_densepose46.png,tshirt46_openpose46.png
tshirt_47.png,tshirt47_openpose47.png,tshirt47_densepose47.png,tshirt47_densepose47.png,tshirt47_openpose47.png
tshirt_48.png,tshirt48_openpose48.png,tshirt48_densepose48.png,tshirt48_densepose48.png,tshirt48_openpose48.png
tshirt_49.png,tshirt49_openpose49.png,tshirt49_densepose49.png,tshirt49_densepose49.png,tshirt49_openpose49.png
tshirt_50.png,tshirt50_openpose50.png,tshirt50_densepose50.png,tshirt50_densepose50.png,tshirt50_openpose50.png
tshirt_51.png,tshirt51_openpose51.png,tshirt51_densepose51.png,tshirt51_densepose51.png,tshirt51_openpose51.png
tshirt_52.png,tshirt52_openpose52.png,tshirt52_densepose52.png,tshirt52_densepose52.png,tshirt52_openpose52.png
tshirt_53.png,tshirt53_openpose53.png,tshirt53_densepose53.png,tshirt53_densepose53.png,tshirt53_openpose53.png
tshirt_54.png,tshirt54_openpose54.png,tshirt54_densepose54.png,tshirt54_densepose54.png,tshirt54_openpose54.png
tshirt_55.png,tshirt55_openpose55.png,tshirt55_densepose55.png,tshirt55_densepose55.png,tshirt55_openpose55.png
tshirt_56.png,tshirt56_openpose56.png,tshirt56_densepose56.png,tshirt56_densepose56.png,tshirt56_openpose56.png
tshirt_57.png,tshirt57_openpose57.png,tshirt57_densepose57.png,tshirt57_densepose57.png,tshirt57_openpose57.png
tshirt_58.png,tshirt58_openpose58.png,tshirt58_densepose58.png,tshirt58_densepose58.png,tshirt58_openpose58.png
tshirt_59.png,tshirt59_openpose59.png,tshirt59_densepose59.png,tshirt59_densepose59.png,tshirt59_openpose59.png
tshirt_60.png,tshirt60_openpose60.png,tshirt60_densepose60.png,tshirt60_densepose60.png,tshirt60_openpose60.png
tshirt_61.png,tshirt61_openpose61.png,tshirt61_densepose61.png,tshirt61_densepose61.png,tshirt61_openpose61.png
tshirt_62.png,tshirt62_openpose62.png,tshirt62_densepose62.png,tshirt62_densepose62.png,tshirt62_openpose62.png
tshirt_63.png,tshirt63_openpose63.png,tshirt63_densepose63.png,tshirt63_densepose63.png,tshirt63_openpose63.png
tshirt_64.png,tshirt64_openpose64.png,tshirt64_densepose64.png,tshirt64_densepose64.png,tshirt64_openpose64.png
tshirt_65.png,tshirt65_openpose65.png,tshirt65_densepose65.png,tshirt65_densepose65.png,tshirt65_openpose65.png
tshirt_66.png,tshirt66_openpose66.png,tshirt66_densepose66.png,tshirt66_densepose66.png,tshirt66_openpose66.png
tshirt_67.png,tshirt67_openpose67.png,tshirt67_densepose67.png,tshirt67_densepose67.png,tshirt67_openpose67.png
tshirt_68.png,tshirt68_openpose68.png,tshirt68_densepose68.png,tshirt68_densepose68.png,tshirt68_openpose68.png
tshirt_69.png,tshirt69_openpose69.png,tshirt69_densepose69.png,tshirt69_densepose69.png,tshirt69_openpose69.png
tshirt_70.png,tshirt70_openpose70.png,tshirt70_densepose70.png,tshirt70_densepose70.png,tshirt70_openpose70.png
tshirt_71.png,tshirt71_openpose71.png,tshirt71_densepose71.png,tshirt71_densepose71.png,tshirt71_openpose71.png
tshirt_72.png,tshirt72_openpose72.png,tshirt72_densepose72.png,tshirt72_densepose72.png,tshirt72_openpose72.png
tshirt_73.png,tshirt73_openpose73.png,tshirt73_densepose73.png,tshirt73_densepose73.png,tshirt73_openpose73.png
tshirt_74.png,tshirt74_openpose74.png,tshirt74_densepose74.png,tshirt74_densepose74.png,tshirt74_openpose74.png
tshirt_75.png,tshirt75_openpose75.png,tshirt75_densepose75.png,tshirt75_densepose75.png,tshirt75_openpose75.png
tshirt_76.png,tshirt76_openpose76.png,tshirt76_densepose76.png,tshirt76_densepose76.png,tshirt76_openpose76.png
tshirt_77.png,tshirt77_openpose77.png,tshirt77_densepose77.png,tshirt77_densepose77.png,tshirt77_openpose77.png
tshirt_78.png,tshirt78_openpose78.png,tshirt78_densepose78.png,tshirt78_densepose78.png,tshirt78_openpose78.png
tshirt_79.png,tshirt79_openpose79.png,tshirt79_densepose79.png,tshirt79_densepose79.png,tshirt79_openpose79.png
tshirt_80.png,tshirt80_openpose80.png,tshirt80_densepose80.png,tshirt80_densepose80.png,tshirt80_openpose80.png
tshirt_81.png,tshirt81_openpose81.png,tshirt81_densepose81.png,tshirt81_densepose81.png,tshirt81_openpose81.png
tshirt_82.png,tshirt82_openpose82.png,tshirt82_densepose82.png,tshirt82_densepose82.png,tshirt82_openpose82.png
tshirt_83.png,tshirt83_openpose83.png,tshirt83_densepose83.png,tshirt83_densepose83.png,tshirt83_openpose83.png
tshirt_84.png,tshirt84_openpose84.png,tshirt84_densepose84.png,tshirt84_densepose84.png,tshirt84_openpose84.png
tshirt_85.png,tshirt85_openpose85.png,tshirt85_densepose85.png,tshirt85_densepose85.png,tshirt85_openpose85.png
tshirt_86.png,tshirt86_openpose86.png,tshirt86_densepose86.png,tshirt86_densepose86.png,tshirt86_openpose86.png
tshirt_87.png,tshirt87_openpose87.png,tshirt87_densepose87.png,tshirt87_densepose87.png,tshirt87_openpose87.png
tshirt_88.png,tshirt88_openpose88.png,tshirt88_densepose88.png,tshirt88_densepose88.png,tshirt88_openpose88.png
tshirt_89.png,tshirt89_openpose89.png,tshirt89_densepose89.png,tshirt89_densepose89.png,tshirt89_openpose89.png
tshirt_90.png,tshirt90_openpose90.png,tshirt90_densepose90.png,tshirt90_densepose90.png,tshirt90_openpose90.png
tshirt_91.png,tshirt91_openpose91.png,tshirt91_densepose91.png,tshirt91_densepose91.png,tshirt91_openpose91.png
tshirt_92.png,tshirt92_openpose92.png,tshirt92_densepose92.png,tshirt92_densepose92.png,tshirt92_openpose92.png
tshirt_93.png,tshirt93_openpose93.png,tshirt93_densepose93.png,tshirt93_densepose93.png,tshirt93_openpose93.png
tshirt_94.png,tshirt94_openpose94.png,tshirt94_densepose94.png,tshirt94_densepose94.png,tshirt94_openpose94.png
tshirt_95.png,tshirt95_openpose95.png,tshirt95_densepose95.png,tshirt95_densepose95.png,tshirt95_openpose95.png
tshirt_96.png,tshirt96_openpose96.png,tshirt96_densepose96.png,tshirt96_densepose96.png,tshirt96_openpose96.png
tshirt_97.png,tshirt97_openpose97.png,tshirt97_densepose97.png,tshirt97_densepose97.png,tshirt97_openpose97.png
tshirt_98.png,tshirt98_openpose98.png,tshirt98_densepose98.png,tshirt98_densepose98.png,tshirt98_openpose98.png
tshirt_99.png,tshirt99_openpose99.png,tshirt99_densepose99.png,tshirt99_densepose99.png,tshirt99_openpose99.png
tshirt_100.png,tshirt100_openpose100.png,tshirt100_densepose100.png,tshirt100_densepose100.png,tshirt100_openpose100.png
tshirt_101.png,tshirt101_openpose101.png,tshirt101_densepose101.png,tshirt101_densepose101.png,tshirt101_openpose101.png
tshirt_102.png,tshirt102_openpose102.png,tshirt102_densepose102.png,tshirt102_densepose102.png,tshirt102_openpose102.png
tshirt_103.png,tshirt103_openpose103.png,tshirt103_densepose103.png,tshirt103_densepose103.png,tshirt103_openpose103.png
tshirt_104.png,tshirt104_openpose104.png,tshirt104_densepose104.png,tshirt104_densepose104.png,tshirt104_openpose104.png
tshirt_105.png,tshirt105_openpose105.png,tshirt105_densepose105.png,tshirt105_densepose105.png,tshirt105_openpose105.png
tshirt_106.png,tshirt106_openpose106.png,tshirt106_densepose106.png,tshirt106_densepose106.png,tshirt106_openpose106.png
tshirt_107.png,tshirt107_openpose107.png,tshirt107_densepose107.png,tshirt107_densepose107.png,tshirt107_openpose107.png
tshirt_108.png,tshirt108_openpose108.png,tshirt108_densepose108.png,tshirt108_densepose108.png,tshirt108_openpose108.png
tshirt_109.png,tshirt109_openpose109.png,tshirt109_densepose109.png,tshirt109_densepose109.png,tshirt109_openpose109.png
tshirt_110.png,tshirt110_openpose110.png,tshirt110_densepose110.png,tshirt110_densepose110.png,tshirt110_openpose110.png
tshirt_111.png,tshirt111_openpose111.png,tshirt111_densepose111.png,tshirt111_densepose111.png,tshirt111_openpose111.png
tshirt_112.png,tshirt112_openpose112.png,tshirt112_densepose112.png,tshirt112_densepose112.png,tshirt112_openpose112.png
tshirt_113.png,tshirt113_openpose113.png,tshirt113_densepose113.png,tshirt113_densepose113.png,tshirt113_openpose113.png
tshirt_114.png,tshirt114_openpose114.png,tshirt114_densepose114.png,tshirt114_densepose114.png,tshirt114_openpose114.png
tshirt_115.png,tshirt115_openpose115.png,tshirt115_densepose115.png,tshirt115_densepose115.png,tshirt115_openpose115.png
tshirt_116.png,tshirt116_openpose116.png,tshirt116_densepose116.png,tshirt116_densepose116.png,tshirt116_openpose116.png
tshirt_117.png,tshirt117_openpose117.png,tshirt117_densepose117.png,tshirt117_densepose117.png,tshirt117_openpose117.png
tshirt_118.png,tshirt118_openpose118.png,tshirt118_densepose118.png,tshirt118_densepose118.png,tshirt118_openpose118.png
tshirt_119.png,tshirt119_openpose119.png,tshirt119_densepose119.png,tshirt119_densepose119.png,tshirt119_openpose119.png
tshirt_120.png,tshirt120_openpose120.png,tshirt120_densepose120.png,tshirt120_densepose120.png,tshirt120_openpose120.png
tshirt_121.png,tshirt121_openpose121.png,tshirt121_densepose121.png,tshirt121_densepose121.png,tshirt121_openpose121.png
tshirt_122.png,tshirt122_openpose122.png,tshirt122_densepose122.png,tshirt122_densepose122.png,tshirt122_openpose122.png
tshirt_123.png,tshirt123_openpose123.png,tshirt123_densepose123.png,tshirt123_densepose123.png,tshirt123_openpose123.png
tshirt_124.png,tshirt124_openpose124.png,tshirt124_densepose124.png,tshirt124_densepose124.png,tshirt124_openpose124.png
tshirt_125.png,tshirt125_openpose125.png,tshirt125_densepose125.png,tshirt125_densepose125.png,tshirt125_openpose125.png
tshirt_126.png,tshirt126_openpose126.png,tshirt126_densepose126.png,tshirt126_densepose126.png,tshirt126_openpose126.png
tshirt_127.png,tshirt127_openpose127.png,tshirt127_densepose127.png,tshirt127_densepose127.png,tshirt127_openpose127.png
tshirt_128.png,tshirt128_openpose128.png,tshirt128_densepose128.png,tshirt128_densepose128.png,tshirt128_openpose128.png
tshirt_129.png,tshirt129_openpose129.png,tshirt129_densepose129.png,tshirt129_densepose129.png,tshirt129_openpose129.png
tshirt_130.png,tshirt130_openpose130.png,tshirt130_densepose130.png,tshirt130_densepose130.png,tshirt130_openpose130.png
tshirt_131.png,tshirt131_openpose131.png,tshirt131_densepose131.png,tshirt131_densepose131.png,tshirt131_openpose131.png
tshirt_132.png,tshirt132_openpose132.png,tshirt132_densepose132.png,tshirt132_densepose132.png,tshirt132_openpose132.png
tshirt_133.png,tshirt133_openpose133.png,tshirt133_densepose133.png,tshirt133_densepose133.png,tshirt133_openpose133.png
tshirt_134.png,tshirt134_openpose134.png,tshirt134_densepose134.png,tshirt134_densepose134.png,tshirt134_openpose134.png
tshirt_135.png,tshirt135_openpose135.png,tshirt135_densepose135.png,tshirt135_densepose135.png,tshirt135_openpose135.png
tshirt_136.png,tshirt136_openpose136.png,tshirt136_densepose136.png,tshirt136_densepose136.png,tshirt136_openpose136.png
tshirt_137.png,tshirt137_openpose137.png,tshirt137_densepose137.png,tshirt137_densepose137.png,tshirt137_openpose137.png
tshirt_138.png,tshirt138_openpose138.png,tshirt138_densepose138.png,tshirt138_densepose138.png,tshirt138_openpose138.png
tshirt_139.png,tshirt139_openpose139.png,tshirt139_densepose139.png,tshirt139_densepose139.png,tshirt139_openpose139.png
tshirt_140.png,tshirt140_openpose140.png,tshirt140_densepose140.png,tshirt140_densepose140.png,tshirt140_openpose140.png
tshirt_141.png,tshirt141_openpose141.png,tshirt141_densepose141.png,tshirt141_densepose141.png,tshirt141_openpose141.png
tshirt_142.png,tshirt142_openpose142.png,tshirt142_densepose142.png,tshirt142_densepose142.png,tshirt142_openpose142.png
tshirt_143.png,tshirt143_openpose143.png,tshirt143_densepose143.png,tshirt143_densepose143.png,tshirt143_openpose143.png
tshirt_144.png,tshirt144_openpose144.png,tshirt144_densepose144.png,tshirt144_densepose144.png,tshirt144_openpose144.png
tshirt_145.png,tshirt145_openpose145.png,tshirt145_densepose145.png,tshirt145_densepose145.png,tshirt145_openpose145.png
tshirt_146.png,tshirt146_openpose146.png,tshirt146_densepose146.png,tshirt146_densepose146.png,tshirt146_openpose146.png
tshirt_147.png,tshirt147_openpose147.png,tshirt147_densepose147.png,tshirt147_densepose147.png,tshirt147_openpose147.png
tshirt_148.png,tshirt148_openpose148.png,tshirt148_densepose148.png,tshirt148_densepose148.png,tshirt148_openpose148.png
tshirt_149.png,tshirt149_openpose149.png,tshirt149_densepose149.png,tshirt149_densepose149.png,tshirt149_openpose149.png
tshirt_150.png,tshirt150_openpose150.png,tshirt150_densepose150.png,tshirt150_densepose150.png,tshirt150_openpose150.png
tshirt_151.png,tshirt151_openpose151.png,tshirt151_densepose151.png,tshirt151_densepose151.png,tshirt151_openpose151.png
tshirt_152.png,tshirt152_openpose152.png,tshirt152_densepose152.png,tshirt152_densepose152.png,tshirt152_openpose152.png
tshirt_153.png,tshirt153_openpose153.png,tshirt153_densepose153.png,tshirt153_densepose153.png,tshirt153_openpose153.png
tshirt_154.png,tshirt154_openpose154.png,tshirt154_densepose154.png,tshirt154_densepose154.png,tshirt154_openpose154.png
tshirt_155.png,tshirt155_openpose155.png,tshirt155_densepose155.png,tshirt155_densepose155.png,tshirt155_openpose155.png
tshirt_156.png,tshirt156_openpose156.png,tshirt156_densepose156.png,tshirt156_densepose156.png,tshirt156_openpose156.png
tshirt_157.png,tshirt157_openpose157.png,tshirt157_densepose157.png,tshirt157_densepose157.png,tshirt157_openpose157.png
tshirt_158.png,tshirt158_openpose158.png,tshirt158_densepose158.png,tshirt158_densepose158.png,tshirt158_openpose158.png
tshirt_159.png,tshirt159_openpose159.png,tshirt159_densepose159.png,tshirt159_densepose159.png,tshirt159_openpose159.png
tshirt_160.png,tshirt160_openpose160.png,tshirt160_densepose160.png,tshirt160_densepose160.png,tshirt160_openpose160.png
tshirt_161.png,tshirt161_openpose161.png,tshirt161_densepose161.png,tshirt161_densepose161.png,tshirt161_openpose161.png
tshirt_162.png,tshirt162_openpose162.png,tshirt162_densepose162.png,tshirt162_densepose162.png,tshirt162_openpose162.png
tshirt_163.png,tshirt163_openpose163.png,tshirt163_densepose163.png,tshirt163_densepose163.png,tshirt163_openpose163.png
tshirt_164.png,tshirt164_openpose164.png,tshirt164_densepose164.png,tshirt164_densepose164.png,tshirt164_openpose164.png
tshirt_165.png,tshirt165_openpose165.png,tshirt165_densepose165.png,tshirt165_densepose165.png,tshirt165_openpose165.png
tshirt_166.png,tshirt166_openpose166.png,tshirt166_densepose166.png,tshirt166_densepose166.png,tshirt166_openpose166.png
tshirt_167.png,tshirt167_openpose167.png,tshirt167_densepose167.png,tshirt167_densepose167.png,tshirt167_openpose167.png
tshirt_168.png,tshirt168_openpose168.png,tshirt168_densepose168.png,tshirt168_densepose168.png,tshirt168_openpose168.png
tshirt_169.png,tshirt169_openpose169.png,tshirt169_densepose169.png,tshirt169_densepose169.png,tshirt169_openpose169.png
tshirt_170.png,tshirt170_openpose170.png,tshirt170_densepose170.png,tshirt170_densepose170.png,tshirt170_openpose170.png
tshirt_171.png,tshirt171_openpose171.png,tshirt171_densepose171.png,tshirt171_densepose171.png,tshirt171_openpose171.png
tshirt_172.png,tshirt172_openpose172.png,tshirt172_densepose172.png,tshirt172_densepose172.png,tshirt172_openpose172.png
tshirt_173.png,tshirt173_openpose173.png,tshirt173_densepose173.png,tshirt173_densepose173.png,tshirt173_openpose173.png
tshirt_174.png,tshirt174_openpose174.png,tshirt174_densepose174.png,tshirt174_densepose174.png,tshirt174_openpose174.png
tshirt_175.png,tshirt175_openpose175.png,tshirt175_densepose175.png,tshirt175_densepose175.png,tshirt175_openpose175.png
tshirt_176.png,tshirt176_openpose176.png,tshirt176_densepose176.png,tshirt176_densepose176.png,tshirt176_openpose176.png
tshirt_177.png,tshirt177_openpose177.png,tshirt177_densepose177.png,tshirt177_densepose177.png,tshirt177_openpose177.png
tshirt_178.png,tshirt178_openpose178.png,tshirt178_densepose178.png,tshirt178_densepose178.png,tshirt178_openpose178.png
tshirt_179.png,tshirt179_openpose179.png,tshirt179_densepose179.png,tshirt179_densepose179.png,tshirt179_openpose179.png
tshirt_180.png,tshirt180_openpose180.png,tshirt180_densepose180.png,tshirt180_densepose180.png,tshirt180_openpose180.png
tshirt_181.png,tshirt181_openpose181.png,tshirt181_densepose181.png,tshirt181_densepose181.png,tshirt181_openpose181.png
tshirt_182.png,tshirt182_openpose182.png,tshirt182_densepose182.png,tshirt182_densepose182.png,tshirt182_openpose182.png
tshirt_183.png,tshirt183_openpose183.png,tshirt183_densepose183.png,tshirt183_densepose183.png,tshirt183_openpose183.png
tshirt_184.png,tshirt184_openpose184.png,tshirt184_densepose184.png,tshirt184_densepose184.png,tshirt184_openpose184.png
tshirt_185.png,tshirt185_openpose185.png,tshirt185_densepose185.png,tshirt185_densepose185.png,tshirt185_openpose185.png
tshirt_186.png,tshirt186_openpose186.png,tshirt186_densepose186.png,tshirt186_densepose186.png,tshirt186_openpose186.png
tshirt_187.png,tshirt187_openpose187.png,tshirt187_densepose187.png,tshirt187_densepose187.png,tshirt187_openpose187.png
tshirt_188.png,tshirt188_openpose188.png,tshirt188_densepose188.png,tshirt188_densepose188.png,tshirt188_openpose188.png
tshirt_189.png,tshirt189_openpose189.png,tshirt189_densepose189.png,tshirt189_densepose189.png,tshirt189_openpose189.png
tshirt_190.png,tshirt190_openpose190.png,tshirt190_densepose190.png,tshirt190_densepose190.png,tshirt190_openpose190.png
tshirt_191.png,tshirt191_openpose191.png,tshirt191_densepose191.png,tshirt191_densepose191.png,tshirt191_openpose191.png
tshirt_192.png,tshirt192_openpose192.png,tshirt192_densepose192.png,tshirt192_densepose192.png,tshirt192_openpose192.png
tshirt_193.png,tshirt193_openpose193.png,tshirt193_densepose193.png,tshirt193_densepose193.png,tshirt193_openpose193.png
tshirt_194.png,tshirt194_openpose194.png,tshirt194_densepose194.png,tshirt194_densepose194.png,tshirt194_openpose194.png
tshirt_195.png,tshirt195_openpose195.png,tshirt195_densepose195.png,tshirt195_densepose195.png,tshirt195_openpose195.png
tshirt_196.png,tshirt196_openpose196.png,tshirt196_densepose196.png,tshirt196_densepose196.png,tshirt196_openpose196.png
tshirt_197.png,tshirt197_openpose197.png,tshirt197_densepose197.png,tshirt197_densepose197.png,tshirt197_openpose197.png
tshirt_198.png,tshirt198_openpose198.png,tshirt198_densepose198.png,tshirt198_densepose198.png,tshirt198_openpose198.png
tshirt_199.png,tshirt199_openpose199.png,tshirt199_densepose199.png,tshirt199_densepose199.png,tshirt199_openpose199.png
tshirt_200.png,tshirt200_openpose200.png,tshirt200_densepose200.png,tshirt200_densepose200.png,tshirt200_openpose200.png
tshirt_201.png,tshirt201_openpose201.png,tshirt201_densepose201.png,tshirt201_densepose201.png,tshirt201_openpose201.png
tshirt_202.png,tshirt202_openpose202.png,tshirt202_densepose202.png,tshirt202_densepose202.png,tshirt202_openpose202.png
tshirt_203.png,tshirt203_openpose203.png,tshirt203_densepose203.png,tshirt203_densepose203.png,tshirt203_openpose203.png
tshirt_204.png,tshirt204_openpose204.png,tshirt204_densepose204.png,tshirt204_densepose204.png,tshirt204_openpose204.png
tshirt_205.png,tshirt205_openpose205.png,tshirt205_densepose205.png,tshirt205_densepose205.png,tshirt205_openpose205.png
tshirt_206.png,tshirt206_openpose206.png,tshirt206_densepose206.png,tshirt206_densepose206.png,tshirt206_openpose206.png
tshirt_207.png,tshirt207_openpose207.png,tshirt207_densepose207.png,tshirt207_densepose207.png,tshirt207_openpose207.png
tshirt_208.png,tshirt208_openpose208.png,tshirt208_densepose208.png,tshirt208_densepose208.png,tshirt208_openpose208.png
tshirt_209.png,tshirt209_openpose209.png,tshirt209_densepose209.png,tshirt209_densepose209.png,tshirt209_openpose209.png
tshirt_210.png,tshirt210_openpose210.png,tshirt210_densepose210.png,tshirt210_densepose210.png,tshirt210_openpose210.png
tshirt_211.png,tshirt211_openpose211.png,tshirt211_densepose211.png,tshirt211_densepose211.png,tshirt211_openpose211.png
tshirt_212.png,tshirt212_openpose212.png,tshirt212_densepose212.png,tshirt212_densepose212.png,tshirt212_openpose212.png
tshirt_213.png,tshirt213_openpose213.png,tshirt213_densepose213.png,tshirt213_densepose213.png,tshirt213_openpose213.png
tshirt_214.png,tshirt214_openpose214.png,tshirt214_densepose214.png,tshirt214_densepose214.png,tshirt214_openpose214.png
tshirt_215.png,tshirt215_openpose215.png,tshirt215_densepose215.png,tshirt215_densepose215.png,tshirt215_openpose215.png
tshirt_216.png,tshirt216_openpose216.png,tshirt216_densepose216.png,tshirt216_densepose216.png,tshirt216_openpose216.png
tshirt_217.png,tshirt217_openpose217.png,tshirt217_densepose217.png,tshirt217_densepose217.png,tshirt217_openpose217.png
tshirt_218.png,tshirt218_openpose218.png,tshirt218_densepose218.png,tshirt218_densepose218.png,tshirt218_openpose218.png
tshirt_219.png,tshirt219_openpose219.png,tshirt219_densepose219.png,tshirt219_densepose219.png,tshirt219_openpose219.png
tshirt_220.png,tshirt220_openpose220.png,tshirt220_densepose220.png,tshirt220_densepose220.png,tshirt220_openpose220.png
tshirt_221.png,tshirt221_openpose221.png,tshirt221_densepose221.png,tshirt221_densepose221.png,tshirt221_openpose221.png
tshirt_222.png,tshirt222_openpose222.png,tshirt222_densepose222.png,tshirt222_densepose222.png,tshirt222_openpose222.png
tshirt_223.png,tshirt223_openpose223.png,tshirt223_densepose223.png,tshirt223_densepose223.png,tshirt223_openpose223.png
tshirt_224.png,tshirt224_openpose224.png,tshirt224_densepose224.png,tshirt224_densepose224.png,tshirt224_openpose224.png
tshirt_225.png,tshirt225_openpose225.png,tshirt225_densepose225.png,tshirt225_densepose225.png,tshirt225_openpose225.png
tshirt_226.png,tshirt226_openpose226.png,tshirt226_densepose226.png,tshirt226_densepose226.png,tshirt226_openpose226.png
tshirt_227.png,tshirt227_openpose227.png,tshirt227_densepose227.png,tshirt227_densepose227.png,tshirt227_openpose227.png
tshirt_228.png,tshirt228_openpose228.png,tshirt228_densepose228.png,tshirt228_densepose228.png,tshirt228_openpose228.png
tshirt_229.png,tshirt229_openpose229.png,tshirt229_densepose229.png,tshirt229_densepose229.png,tshirt229_openpose229.png
tshirt_230.png,tshirt230_openpose230.png,tshirt230_densepose230.png,tshirt230_densepose230.png,tshirt230_openpose230.png
tshirt_231.png,tshirt231_openpose231.png,tshirt231_densepose231.png,tshirt231_densepose231.png,tshirt231_openpose231.png
tshirt_232.png,tshirt232_openpose232.png,tshirt232_densepose232.png,tshirt232_densepose232.png,tshirt232_openpose232.png
tshirt_233.png,tshirt233_openpose233.png,tshirt233_densepose233.png,tshirt233_densepose233.png,tshirt233_openpose233.png
tshirt_234.png,tshirt234_openpose234.png,tshirt234_densepose234.png,tshirt234_densepose234.png,tshirt234_openpose234.png
tshirt_235.png,tshirt235_openpose235.png,tshirt235_densepose235.png,tshirt235_densepose235.png,tshirt235_openpose235.png
tshirt_236.png,tshirt236_openpose236.png,tshirt236_densepose236.png,tshirt236_densepose236.png,tshirt236_openpose236.png
tshirt_237.png,tshirt237_openpose237.png,tshirt237_densepose237.png,tshirt237_densepose237.png,tshirt237_openpose237.png
tshirt_238.png,tshirt238_openpose238.png,tshirt238_densepose238.png,tshirt238_densepose238.png,tshirt238_openpose238.png
tshirt_239.png,tshirt239_openpose239.png,tshirt239_densepose239.png,tshirt239_densepose239.png,tshirt239_openpose239.png
tshirt_240.png,tshirt240_openpose240.png,tshirt240_densepose240.png,tshirt240_densepose240.png,tshirt240_openpose240.png
tshirt_241.png,tshirt241_openpose241.png,tshirt241_densepose241.png,tshirt241_densepose241.png,tshirt241_openpose241.png
tshirt_242.png,tshirt242_openpose242.png,tshirt242_densepose242.png,tshirt242_densepose242.png,tshirt242_openpose242.png
tshirt_243.png,tshirt243_openpose243.png,tshirt243_densepose243.png,tshirt243_densepose243.png,tshirt243_openpose243.png
tshirt_244.png,tshirt244_openpose244.png,tshirt244_densepose244.png,tshirt244_densepose244.png,tshirt244_openpose244.png
tshirt_245.png,tshirt245_openpose245.png,tshirt245_densepose245.png,tshirt245_densepose245.png,tshirt245_openpose245.png
tshirt_246.png,tshirt246_openpose246.png,tshirt246_densepose246.png,tshirt246_densepose246.png,tshirt246_openpose246.png
tshirt_247.png,tshirt247_openpose247.png,tshirt247_densepose247.png,tshirt247_densepose247.png,tshirt247_openpose247.png
tshirt_248.png,tshirt248_openpose248.png,tshirt248_densepose248.png,tshirt248_densepose248.png,tshirt248_openpose248.png
tshirt_249.png,tshirt249_openpose249.png,tshirt249_densepose249.png,tshirt249_densepose249.png,tshirt249_openpose249.png
tshirt_250.png,tshirt250_openpose250.png,tshirt250_densepose250.png,tshirt250_densepose250.png,tshirt250_openpose250.png
tshirt_251.png,tshirt251_openpose251.png,tshirt251_densepose251.png,tshirt251_densepose251.png,tshirt251_openpose251.png
tshirt_252.png,tshirt252_openpose252.png,tshirt252_densepose252.png,tshirt252_densepose252.png,tshirt252_openpose252.png
tshirt_253.png,tshirt253_openpose253.png,tshirt253_densepose253.png,tshirt253_densepose253.png,tshirt253_openpose253.png
tshirt_254.png,tshirt254_openpose254.png,tshirt254_densepose254.png,tshirt254_densepose254.png,tshirt254_openpose254.png
tshirt_255.png,tshirt255_openpose255.png,tshirt255_densepose255.png,tshirt255_densepose255.png,tshirt255_openpose255.png
tshirt_256.png,tshirt256_openpose256.png,tshirt256_densepose256.png,tshirt256_densepose256.png,tshirt256_openpose256.png
tshirt_257.png,tshirt257_openpose257.png,tshirt257_densepose257.png,tshirt257_densepose257.png,tshirt257_openpose257.png
tshirt_258.png,tshirt258_openpose258.png,tshirt258_densepose258.png,tshirt258_densepose258.png,tshirt258_openpose258.png
tshirt_259.png,tshirt259_openpose259.png,tshirt259_densepose259.png,tshirt259_densepose259.png,tshirt259_openpose259.png
tshirt_260.png,tshirt260_openpose260.png,tshirt260_densepose260.png,tshirt260_densepose260.png,tshirt260_openpose260.png
tshirt_261.png,tshirt261_openpose261.png,tshirt261_densepose261.png,tshirt261_densepose261.png,tshirt261_openpose261.png
tshirt_262.png,tshirt262_openpose262.png,tshirt262_densepose262.png,tshirt262_densepose262.png,tshirt262_openpose262.png
tshirt_263.png,tshirt263_openpose263.png,tshirt263_densepose263.png,tshirt263_densepose263.png,tshirt263_openpose263.png
tshirt_264.png,tshirt264_openpose264.png,tshirt264_densepose264.png,tshirt264_densepose264.png,tshirt264_openpose264.png
tshirt_265.png,tshirt265_openpose265.png,tshirt265_densepose265.png,tshirt265_densepose265.png,tshirt265_openpose265.png
tshirt_266.png,tshirt266_openpose266.png,tshirt266_densepose266.png,tshirt266_densepose266.png,tshirt266_openpose266.png
tshirt_267.png,tshirt267_openpose267.png,tshirt267_densepose267.png,tshirt267_densepose267.png,tshirt267_openpose267.png
tshirt_268.png,tshirt268_openpose268.png,tshirt268_densepose268.png,tshirt268_densepose268.png,tshirt268_openpose268.png
tshirt_269.png,tshirt269_openpose269.png,tshirt269_densepose269.png,tshirt269_densepose269.png,tshirt269_openpose269.png
tshirt_270.png,tshirt270_openpose270.png,tshirt270_densepose270.png,tshirt270_densepose270.png,tshirt270_openpose270.png
tshirt_271.png,tshirt271_openpose271.png,tshirt271_densepose271.png,tshirt271_densepose271.png,tshirt271_openpose271.png
tshirt_272.png,tshirt272_openpose272.png,tshirt272_densepose272.png,tshirt272_densepose272.png,tshirt272_openpose272.png
tshirt_273.png,tshirt273_openpose273.png,tshirt273_densepose273.png,tshirt273_densepose273.png,tshirt273_openpose273.png
tshirt_274.png,tshirt274_openpose274.png,tshirt274_densepose274.png,tshirt274_densepose274.png,tshirt274_openpose274.png
tshirt_275.png,tshirt275_openpose275.png,tshirt275_densepose275.png,tshirt275_densepose275.png,tshirt275_openpose275.png
tshirt_276.png,tshirt276_openpose276.png,tshirt276_densepose276.png,tshirt276_densepose276.png,tshirt276_openpose276.png
tshirt_277.png,tshirt277_openpose277.png,tshirt277_densepose277.png,tshirt277_densepose277.png,tshirt277_openpose277.png
tshirt_278.png,tshirt278_openpose278.png,tshirt278_densepose278.png,tshirt278_densepose278.png,tshirt278_openpose278.png
tshirt_279.png,tshirt279_openpose279.png,tshirt279_densepose279.png,tshirt279_densepose279.png,tshirt279_openpose279.png
tshirt_280.png,tshirt280_openpose280.png,tshirt280_densepose280.png,tshirt280_densepose280.png,tshirt280_openpose280.png
tshirt_281.png,tshirt281_openpose281.png,tshirt281_densepose281.png,tshirt281_densepose281.png,tshirt281_openpose281.png
tshirt_282.png,tshirt282_openpose282.png,tshirt282_densepose282.png,tshirt282_densepose282.png,tshirt282_openpose282.png
tshirt_283.png,tshirt283_openpose283.png,tshirt283_densepose283.png,tshirt283_densepose283.png,tshirt283_openpose283.png
tshirt_284.png,tshirt284_openpose284.png,tshirt284_densepose284.png,tshirt284_densepose284.png,tshirt284_openpose284.png
tshirt_285.png,tshirt285_openpose285.png,tshirt285_densepose285.png,tshirt285_densepose285.png,tshirt285_openpose285.png
tshirt_286.png,tshirt286_openpose286.png,tshirt286_densepose286.png,tshirt286_densepose286.png,tshirt286_openpose286.png
tshirt_287.png,tshirt287_openpose287.png,tshirt287_densepose287.png,tshirt287_densepose287.png,tshirt287_openpose287.png
tshirt_288.png,tshirt288_openpose288.png,tshirt288_densepose288.png,tshirt288_densepose288.png,tshirt288_openpose288.png
tshirt_289.png,tshirt289_openpose289.png,tshirt289_densepose289.png,tshirt289_densepose289.png,tshirt289_openpose289.png
tshirt_290.png,tshirt290_openpose290.png,tshirt290_densepose290.png,tshirt290_densepose290.png,tshirt290_openpose290.png
tshirt_291.png,tshirt291_openpose291.png,tshirt291_densepose291.png,tshirt291_densepose291.png,tshirt291_openpose291.png
tshirt_292.png,tshirt292_openpose292.png,tshirt292_densepose292.png,tshirt292_densepose292.png,tshirt292_openpose292.png
tshirt_293.png,tshirt293_openpose293.png,tshirt293_densepose293.png,tshirt293_densepose293.png,tshirt293_openpose293.png
tshirt_294.png,tshirt294_openpose294.png,tshirt294_densepose294.png,tshirt294_densepose294.png,tshirt294_openpose294.png
tshirt_295.png,tshirt295_openpose295.png,tshirt295_densepose295.png,tshirt295_densepose295.png,tshirt295_openpose295.png
tshirt_296.png,tshirt296_openpose296.png,tshirt296_densepose296.png,tshirt296_densepose296.png,tshirt296_openpose296.png
tshirt_297.png,tshirt297_openpose297.png,tshirt297_densepose297.png,tshirt297_densepose297.png,tshirt297_openpose297.png
tshirt_298.png,tshirt298_openpose298.png,tshirt298_densepose298.png,tshirt298_densepose298.png,tshirt298_openpose298.png
tshirt_299.png,tshirt299_openpose299.png,tshirt299_densepose299.png,tshirt299_densepose299.png,tshirt299_openpose299.png
tshirt_300.png,tshirt300_openpose300.png,tshirt300_densepose300.png,tshirt300_densepose300.png,tshirt300_openpose300.png
tshirt_301.png,tshirt301_openpose301.png,tshirt301_densepose301.png,tshirt301_densepose301.png,tshirt301_openpose301.png
tshirt_302.png,tshirt302_openpose302.png,tshirt302_densepose302.png,tshirt302_densepose302.png,tshirt302_openpose302.png
tshirt_303.png,tshirt303_openpose303.png,tshirt303_densepose303.png,tshirt303_densepose303.png,tshirt303_openpose303.png
tshirt_304.png,tshirt304_openpose304.png,tshirt304_densepose304.png,tshirt304_densepose304.png,tshirt304_openpose304.png
tshirt_305.png,tshirt305_openpose305.png,tshirt305_densepose305.png,tshirt305_densepose305.png,tshirt305_openpose305.png
tshirt_306.png,tshirt306_openpose306.png,tshirt306_densepose306.png,tshirt306_densepose306.png,tshirt306_openpose306.png
tshirt_307.png,tshirt307_openpose307.png,tshirt307_densepose307.png,tshirt307_densepose307.png,tshirt307_openpose307.png
tshirt_308.png,tshirt308_openpose308.png,tshirt308_densepose308.png,tshirt308_densepose308.png,tshirt308_openpose308.png
tshirt_309.png,tshirt309_openpose309.png,tshirt309_densepose309.png,tshirt309_densepose309.png,tshirt309_openpose309.png
tshirt_310.png,tshirt310_openpose310.png,tshirt310_densepose310.png,tshirt310_densepose310.png,tshirt310_openpose310.png
tshirt_311.png,tshirt311_openpose311.png,tshirt311_densepose311.png,tshirt311_densepose311.png,tshirt311_openpose311.png
tshirt_312.png,tshirt312_openpose312.png,tshirt312_densepose312.png,tshirt312_densepose312.png,tshirt312_openpose312.png
tshirt_313.png,tshirt313_openpose313.png,tshirt313_densepose313.png,tshirt313_densepose313.png,tshirt313_openpose313.png
tshirt_314.png,tshirt314_openpose314.png,tshirt314_densepose314.png,tshirt314_densepose314.png,tshirt314_openpose314.png
tshirt_315.png,tshirt315_openpose315.png,tshirt315_densepose315.png,tshirt315_densepose315.png,tshirt315_openpose315.png
tshirt_316.png,tshirt316_openpose316.png,tshirt316_densepose316.png,tshirt316_densepose316.png,tshirt316_openpose316.png
tshirt_317.png,tshirt317_openpose317.png,tshirt317_densepose317.png,tshirt317_densepose317.png,tshirt317_openpose317.png
tshirt_318.png,tshirt318_openpose318.png,tshirt318_densepose318.png,tshirt318_densepose318.png,tshirt318_openpose318.png
tshirt_319.png,tshirt319_openpose319.png,tshirt319_densepose319.png,tshirt319_densepose319.png,tshirt319_openpose319.png
tshirt_320.png,tshirt320_openpose320.png,tshirt320_densepose320.png,tshirt320_densepose320.png,tshirt320_openpose320.png
tshirt_321.png,tshirt321_openpose321.png,tshirt321_densepose321.png,tshirt321_densepose321.png,tshirt321_openpose321.png
tshirt_322.png,tshirt322_openpose322.png,tshirt322_densepose322.png,tshirt322_densepose322.png,tshirt322_openpose322.png
tshirt_323.png,tshirt323_openpose323.png,tshirt323_densepose323.png,tshirt323_densepose323.png,tshirt323_openpose323.png
tshirt_324.png,tshirt324_openpose324.png,tshirt324_densepose324.png,tshirt324_densepose324.png,tshirt324_openpose324.png
tshirt_325.png,tshirt325_openpose325.png,tshirt325_densepose325.png,tshirt325_densepose325.png,tshirt325_openpose325.png
tshirt_326.png,tshirt326_openpose326.png,tshirt326_densepose326.png,tshirt326_densepose326.png,tshirt326_openpose326.png
tshirt_327.png,tshirt327_openpose327.png,tshirt327_densepose327.png,tshirt327_densepose327.png,tshirt327_openpose327.png
tshirt_328.png,tshirt328_openpose328.png,tshirt328_densepose328.png,tshirt328_densepose328.png,tshirt328_openpose328.png
tshirt_329.png,tshirt329_openpose329.png,tshirt329_densepose329.png,tshirt329_densepose329.png,tshirt329_openpose329.png
tshirt_330.png,tshirt330_openpose330.png,tshirt330_densepose330.png,tshirt330_densepose330.png,tshirt330_openpose330.png
tshirt_331.png,tshirt331_openpose331.png,tshirt331_densepose331.png,tshirt331_densepose331.png,tshirt331_openpose331.png
tshirt_332.png,tshirt332_openpose332.png,tshirt332_densepose332.png,tshirt332_densepose332.png,tshirt332_openpose332.png
tshirt_333.png,tshirt333_openpose333.png,tshirt333_densepose333.png,tshirt333_densepose333.png,tshirt333_openpose333.png
tshirt_334.png,tshirt334_openpose334.png,tshirt334_densepose334.png,tshirt334_densepose334.png,tshirt334_openpose334.png
tshirt_335.png,tshirt335_openpose335.png,tshirt335_densepose335.png,tshirt335_densepose335.png,tshirt335_openpose335.png
tshirt_336.png,tshirt336_openpose336.png,tshirt336_densepose336.png,tshirt336_densepose336.png,tshirt336_openpose336.png
tshirt_337.png,tshirt337_openpose337.png,tshirt337_densepose337.png,tshirt337_densepose337.png,tshirt337_openpose337.png
tshirt_338.png,tshirt338_openpose338.png,tshirt338_densepose338.png,tshirt338_densepose338.png,tshirt338_openpose338.png
tshirt_339.png,tshirt339_openpose339.png,tshirt339_densepose339.png,tshirt339_densepose339.png,tshirt339_openpose339.png
tshirt_340.png,tshirt340_openpose340.png,tshirt340_densepose340.png,tshirt340_densepose340.png,tshirt340_openpose340.png
tshirt_341.png,tshirt341_openpose341.png,tshirt341_densepose341.png,tshirt341_densepose341.png,tshirt341_openpose341.png
tshirt_342.png,tshirt342_openpose342.png,tshirt342_densepose342.png,tshirt342_densepose342.png,tshirt342_openpose342.png
tshirt_343.png,tshirt343_openpose343.png,tshirt343_densepose343.png,tshirt343_densepose343.png,tshirt343_openpose343.png
tshirt_344.png,tshirt344_openpose344.png,tshirt344_densepose344.png,tshirt344_densepose344.png,tshirt344_openpose344.png
tshirt_345.png,tshirt345_openpose345.png,tshirt345_densepose345.png,tshirt345_densepose345.png,tshirt345_openpose345.png
tshirt_346.png,tshirt346_openpose346.png,tshirt346_densepose346.png,tshirt346_densepose346.png,tshirt346_openpose346.png
tshirt_347.png,tshirt347_openpose347.png,tshirt347_densepose347.png,tshirt347_densepose347.png,tshirt347_openpose347.png
tshirt_348.png,tshirt348_openpose348.png,tshirt348_densepose348.png,tshirt348_densepose348.png,tshirt348_openpose348.png
tshirt_349.png,tshirt349_openpose349.png,tshirt349_densepose349.png,tshirt349_densepose349.png,tshirt349_openpose349.png
tshirt_350.png,tshirt350_openpose350.png,tshirt350_densepose350.png,tshirt350_densepose350.png,tshirt350_openpose350.png
tshirt_351.png,tshirt351_openpose351.png,tshirt351_densepose351.png,tshirt351_densepose351.png,tshirt351_openpose351.png
tshirt_352.png,tshirt352_openpose352.png,tshirt352_densepose352.png,tshirt352_densepose352.png,tshirt352_openpose352.png
tshirt_353.png,tshirt353_openpose353.png,tshirt353_densepose353.png,tshirt353_densepose353.png,tshirt353_openpose353.png
tshirt_354.png,tshirt354_openpose354.png,tshirt354_densepose354.png,tshirt354_densepose354.png,tshirt354_openpose354.png
tshirt_355.png,tshirt355_openpose355.png,tshirt355_densepose355.png,tshirt355_densepose355.png,tshirt355_openpose355.png
tshirt_356.png,tshirt356_openpose356.png,tshirt356_densepose356.png,tshirt356_densepose356.png,tshirt356_openpose356.png
tshirt_357.png,tshirt357_openpose357.png,tshirt357_densepose357.png,tshirt357_densepose357.png,tshirt357_openpose357.png
tshirt_358.png,tshirt358_openpose358.png,tshirt358_densepose358.png,tshirt358_densepose358.png,tshirt358_openpose358.png
tshirt_359.png,tshirt359_openpose359.png,tshirt359_densepose359.png,tshirt359_densepose359.png,tshirt359_openpose359.png
tshirt_360.png,tshirt360_openpose360.png,tshirt360_densepose360.png,tshirt360_densepose360.png,tshirt360_openpose360.png
tshirt_361.png,tshirt361_openpose361.png,tshirt361_densepose361.png,tshirt361_densepose361.png,tshirt361_openpose361.png
tshirt_362.png,tshirt362_openpose362.png,tshirt362_densepose362.png,tshirt362_densepose362.png,tshirt362_openpose362.png
tshirt_363.png,tshirt363_openpose363.png,tshirt363_densepose363.png,tshirt363_densepose363.png,tshirt363_openpose363.png
tshirt_364.png,tshirt364_openpose364.png,tshirt364_densepose364.png,tshirt364_densepose364.png,tshirt364_openpose364.png
tshirt_365.png,tshirt365_openpose365.png,tshirt365_densepose365.png,tshirt365_densepose365.png,tshirt365_openpose365.png
tshirt_366.png,tshirt366_openpose366.png,tshirt366_densepose366.png,tshirt366_densepose366.png,tshirt366_openpose366.png
tshirt_367.png,tshirt367_openpose367.png,tshirt367_densepose367.png,tshirt367_densepose367.png,tshirt367_openpose367.png
tshirt_368.png,tshirt368_openpose368.png,tshirt368_densepose368.png,tshirt368_densepose368.png,tshirt368_openpose368.png
tshirt_369.png,tshirt369_openpose369.png,tshirt369_densepose369.png,tshirt369_densepose369.png,tshirt369_openpose369.png
tshirt_370.png,tshirt370_openpose370.png,tshirt370_densepose370.png,tshirt370_densepose370.png,tshirt370_openpose370.png
tshirt_371.png,tshirt371_openpose371.png,tshirt371_densepose371.png,tshirt371_densepose371.png,tshirt371_openpose371.png
tshirt_372.png,tshirt372_openpose372.png,tshirt372_densepose372.png,tshirt372_densepose372.png,tshirt372_openpose372.png
tshirt_373.png,tshirt373_openpose373.png,tshirt373_densepose373.png,tshirt373_densepose373.png,tshirt373_openpose373.png
tshirt_374.png,tshirt374_openpose374.png,tshirt374_densepose374.png,tshirt374_densepose374.png,tshirt374_openpose374.png
tshirt_375.png,tshirt375_openpose375.png,tshirt375_densepose375.png,tshirt375_densepose375.png,tshirt375_openpose375.png
tshirt_376.png,tshirt376_openpose376.png,tshirt376_densepose376.png,tshirt376_densepose376.png,tshirt376_openpose376.png
tshirt_377.png,tshirt377_openpose377.png,tshirt377_densepose377.png,tshirt377_densepose377.png,tshirt377_openpose377.png
tshirt_378.png,tshirt378_openpose378.png,tshirt378_densepose378.png,tshirt378_densepose378.png,tshirt378_openpose378.png
tshirt_379.png,tshirt379_openpose379.png,tshirt379_densepose379.png,tshirt379_densepose379.png,tshirt379_openpose379.png
tshirt_380.png,tshirt380_openpose380.png,tshirt380_densepose380.png,tshirt380_densepose380.png,tshirt380_openpose380.png
tshirt_381.png,tshirt381_openpose381.png,tshirt381_densepose381.png,tshirt381_densepose381.png,tshirt381_openpose381.png
tshirt_382.png,tshirt382_openpose382.png,tshirt382_densepose382.png,tshirt382_densepose382.png,tshirt382_openpose382.png
tshirt_383.png,tshirt383_openpose383.png,tshirt383_densepose383.png,tshirt383_densepose383.png,tshirt383_openpose383.png
tshirt_384.png,tshirt384_openpose384.png,tshirt384_densepose384.png,tshirt384_densepose384.png,tshirt384_openpose384.png
tshirt_385.png,tshirt385_openpose385.png,tshirt385_densepose385.png,tshirt385_densepose385.png,tshirt385_openpose385.png
tshirt_386.png,tshirt386_openpose386.png,tshirt386_densepose386.png,tshirt386_densepose386.png,tshirt386_openpose386.png
tshirt_387.png,tshirt387_openpose387.png,tshirt387_densepose387.png,tshirt387_densepose387.png,tshirt387_openpose387.png
tshirt_388.png,tshirt388_openpose388.png,tshirt388_densepose388.png,tshirt388_densepose388.png,tshirt388_openpose388.png
tshirt_389.png,tshirt389_openpose389.png,tshirt389_densepose389.png,tshirt389_densepose389.png,tshirt389_openpose389.png
tshirt_390.png,tshirt390_openpose390.png,tshirt390_densepose390.png,tshirt390_densepose390.png,tshirt390_openpose390.png
tshirt_391.png,tshirt391_openpose391.png,tshirt391_densepose391.png,tshirt391_densepose391.png,tshirt391_openpose391.png
tshirt_392.png,tshirt392_openpose392.png,tshirt392_densepose392.png,tshirt392_densepose392.png,tshirt392_openpose392.png
tshirt_393.png,tshirt393_openpose393.png,tshirt393_densepose393.png,tshirt393_densepose393.png,tshirt393_openpose393.png
tshirt_394.png,tshirt394_openpose394.png,tshirt394_densepose394.png,tshirt394_densepose394.png,tshirt394_openpose394.png
tshirt_395.png,tshirt395_openpose395.png,tshirt395_densepose395.png,tshirt395_densepose395.png,tshirt395_openpose395.png
tshirt_396.png,tshirt396_openpose396.png,tshirt396_densepose396.png,tshirt396_densepose396.png,tshirt396_openpose396.png
tshirt_397.png,tshirt397_openpose397.png,tshirt397_densepose397.png,tshirt397_densepose397.png,tshirt397_openpose397.png
tshirt_398.png,tshirt398_openpose398.png,tshirt398_densepose398.png,tshirt398_densepose398.png,tshirt398_openpose398.png
tshirt_399.png,tshirt399_openpose399.png,tshirt399_densepose399.png,tshirt399_densepose399.png,tshirt399_openpose399.png
tshirt_400.png,tshirt400_openpose400.png,tshirt400_densepose400.png,tshirt400_densepose400.png,tshirt400_openpose400.png
tshirt_401.png,tshirt401_openpose401.png,tshirt401_densepose401.png,tshirt401_densepose401.png,tshirt401_openpose401.png
tshirt_402.png,tshirt402_openpose402.png,tshirt402_densepose402.png,tshirt402_densepose402.png,tshirt402_openpose402.png
tshirt_403.png,tshirt403_openpose403.png,tshirt403_densepose403.png,tshirt403_densepose403.png,tshirt403_openpose403.png
tshirt_404.png,tshirt404_openpose404.png,tshirt404_densepose404.png,tshirt404_densepose404.png,tshirt404_openpose404.png
tshirt_405.png,tshirt405_openpose405.png,tshirt405_densepose405.png,tshirt405_densepose405.png,tshirt405_openpose405.png
tshirt_406.png,tshirt406_openpose406.png,tshirt406_densepose406.png,tshirt406_densepose406.png,tshirt406_openpose406.png
tshirt_407.png,tshirt407_openpose407.png,tshirt407_densepose407.png,tshirt407_densepose407.png,tshirt407_openpose407.png
tshirt_408.png,tshirt408_openpose408.png,tshirt408_densepose408.png,tshirt408_densepose408.png,tshirt408_openpose408.png
tshirt_409.png,tshirt409_openpose409.png,tshirt409_densepose409.png,tshirt409_densepose409.png,tshirt409_openpose409.png
tshirt_410.png,tshirt410_openpose410.png,tshirt410_densepose410.png,tshirt410_densepose410.png,tshirt410_openpose410.png
tshirt_411.png,tshirt411_openpose411.png,tshirt411_densepose411.png,tshirt411_densepose411.png,tshirt411_openpose411.png
tshirt_412.png,tshirt412_openpose412.png,tshirt412_densepose412.png,tshirt412_densepose412.png,tshirt412_openpose412.png
tshirt_413.png,tshirt413_openpose413.png,tshirt413_densepose413.png,tshirt413_densepose413.png,tshirt413_openpose413.png
tshirt_414.png,tshirt414_openpose414.png,tshirt414_densepose414.png,tshirt414_densepose414.png,tshirt414_openpose414.png
tshirt_415.png,tshirt415_openpose415.png,tshirt415_densepose415.png,tshirt415_densepose415.png,tshirt415_openpose415.png
tshirt_416.png,tshirt416_openpose416.png,tshirt416_densepose416.png,tshirt416_densepose416.png,tshirt416_openpose416.png
tshirt_417.png,tshirt417_openpose417.png,tshirt417_densepose417.png,tshirt417_densepose417.png,tshirt417_openpose417.png
tshirt_418.png,tshirt418_openpose418.png,tshirt418_densepose418.png,tshirt418_densepose418.png,tshirt418_openpose418.png
tshirt_419.png,tshirt419_openpose419.png,tshirt419_densepose419.png,tshirt419_densepose419.png,tshirt419_openpose419.png
tshirt_420.png,tshirt420_openpose420.png,tshirt420_densepose420.png,tshirt420_densepose420.png,tshirt420_openpose420.png
tshirt_421.png,tshirt421_openpose421.png,tshirt421_densepose421.png,tshirt421_densepose421.png,tshirt421_openpose421.png
tshirt_422.png,tshirt422_openpose422.png,tshirt422_densepose422.png,tshirt422_densepose422.png,tshirt422_openpose422.png
tshirt_423.png,tshirt423_openpose423.png,tshirt423_densepose423.png,tshirt423_densepose423.png,tshirt423_openpose423.png
tshirt_424.png,tshirt424_openpose424.png,tshirt424_densepose424.png,tshirt424_densepose424.png,tshirt424_openpose424.png
tshirt_425.png,tshirt425_openpose425.png,tshirt425_densepose425.png,tshirt425_densepose425.png,tshirt425_openpose425.png
tshirt_426.png,tshirt426_openpose426.png,tshirt426_densepose426.png,tshirt426_densepose426.png,tshirt426_openpose426.png
tshirt_427.png,tshirt427_openpose427.png,tshirt427_densepose427.png,tshirt427_densepose427.png,tshirt427_openpose427.png
tshirt_428.png,tshirt428_openpose428.png,tshirt428_densepose428.png,tshirt428_densepose428.png,tshirt428_openpose428.png
tshirt_429.png,tshirt429_openpose429.png,tshirt429_densepose429.png,tshirt429_densepose429.png,tshirt429_openpose429.png
tshirt_430.png,tshirt430_openpose430.png,tshirt430_densepose430.png,tshirt430_densepose430.png,tshirt430_openpose430.png
tshirt_431.png,tshirt431_openpose431.png,tshirt431_densepose431.png,tshirt431_densepose431.png,tshirt431_openpose431.png
tshirt_432.png,tshirt432_openpose432.png,tshirt432_densepose432.png,tshirt432_densepose432.png,tshirt432_openpose432.png
tshirt_433.png,tshirt433_openpose433.png,tshirt433_densepose433.png,tshirt433_densepose433.png,tshirt433_openpose433.png
tshirt_434.png,tshirt434_openpose434.png,tshirt434_densepose434.png,tshirt434_densepose434.png,tshirt434_openpose434.png
tshirt_435.png,tshirt435_openpose435.png,tshirt435_densepose435.png,tshirt435_densepose435.png,tshirt435_openpose435.png
tshirt_436.png,tshirt436_openpose436.png,tshirt436_densepose436.png,tshirt436_densepose436.png,tshirt436_openpose436.png
tshirt_437.png,tshirt437_openpose437.png,tshirt437_densepose437.png,tshirt437_densepose437.png,tshirt437_openpose437.png
tshirt_438.png,tshirt438_openpose438.png,tshirt438_densepose438.png,tshirt438_densepose438.png,tshirt438_openpose438.png
tshirt_439.png,tshirt439_openpose439.png,tshirt439_densepose439.png,tshirt439_densepose439.png,tshirt439_openpose439.png
tshirt_440.png,tshirt440_openpose440.png,tshirt440_densepose440.png,tshirt440_densepose440.png,tshirt440_openpose440.png
tshirt_441.png,tshirt441_openpose441.png,tshirt441_densepose441.png,tshirt441_densepose441.png,tshirt441_openpose441.png
tshirt_442.png,tshirt442_openpose442.png,tshirt442_densepose442.png,tshirt442_densepose442.png,tshirt442_openpose442.png
tshirt_443.png,tshirt443_openpose443.png,tshirt443_densepose443.png,tshirt443_densepose443.png,tshirt443_openpose443.png
tshirt_444.png,tshirt444_openpose444.png,tshirt444_densepose444.png,tshirt444_densepose444.png,tshirt444_openpose444.png
tshirt_445.png,tshirt445_openpose445.png,tshirt445_densepose445.png,tshirt445_densepose445.png,tshirt445_openpose445.png
tshirt_446.png,tshirt446_openpose446.png,tshirt446_densepose446.png,tshirt446_densepose446.png,tshirt446_openpose446.png
tshirt_447.png,tshirt447_openpose447.png,tshirt447_densepose447.png,tshirt447_densepose447.png,tshirt447_openpose447.png
tshirt_448.png,tshirt448_openpose448.png,tshirt448_densepose448.png,tshirt448_densepose448.png,tshirt448_openpose448.png
tshirt_449.png,tshirt449_openpose449.png,tshirt449_densepose449.png,tshirt449_densepose449.png,tshirt449_openpose449.png
tshirt_450.png,tshirt450_openpose450.png,tshirt450_densepose450.png,tshirt450_densepose450.png,tshirt450_openpose450.png
tshirt_451.png,tshirt451_openpose451.png,tshirt451_densepose451.png,tshirt451_densepose451.png,tshirt451_openpose451.png
tshirt_452.png,tshirt452_openpose452.png,tshirt452_densepose452.png,tshirt452_densepose452.png,tshirt452_openpose452.png
tshirt_453.png,tshirt453_openpose453.png,tshirt453_densepose453.png,tshirt453_densepose453.png,tshirt453_openpose453.png
tshirt_454.png,tshirt454_openpose454.png,tshirt454_densepose454.png,tshirt454_densepose454.png,tshirt454_openpose454.png
tshirt_455.png,tshirt455_openpose455.png,tshirt455_densepose455.png,tshirt455_densepose455.png,tshirt455_openpose455.png
tshirt_456.png,tshirt456_openpose456.png,tshirt456_densepose456.png,tshirt456_densepose456.png,tshirt456_openpose456.png
tshirt_457.png,tshirt457_openpose457.png,tshirt457_densepose457.png,tshirt457_densepose457.png,tshirt457_openpose457.png
tshirt_458.png,tshirt458_openpose458.png,tshirt458_densepose458.png,tshirt458_densepose458.png,tshirt458_openpose458.png
tshirt_459.png,tshirt459_openpose459.png,tshirt459_densepose459.png,tshirt459_densepose459.png,tshirt459_openpose459.png
tshirt_460.png,tshirt460_openpose460.png,tshirt460_densepose460.png,tshirt460_densepose460.png,tshirt460_openpose460.png
tshirt_461.png,tshirt461_openpose461.png,tshirt461_densepose461.png,tshirt461_densepose461.png,tshirt461_openpose461.png
tshirt_462.png,tshirt462_openpose462.png,tshirt462_densepose462.png,tshirt462_densepose462.png,tshirt462_openpose462.png
tshirt_463.png,tshirt463_openpose463.png,tshirt463_densepose463.png,tshirt463_densepose463.png,tshirt463_openpose463.png
tshirt_464.png,tshirt464_openpose464.png,tshirt464_densepose464.png,tshirt464_densepose464.png,tshirt464_openpose464.png
tshirt_465.png,tshirt465_openpose465.png,tshirt465_densepose465.png,tshirt465_densepose465.png,tshirt465_openpose465.png
tshirt_466.png,tshirt466_openpose466.png,tshirt466_densepose466.png,tshirt466_densepose466.png,tshirt466_openpose466.png
tshirt_467.png,tshirt467_openpose467.png,tshirt467_densepose467.png,tshirt467_densepose467.png,tshirt467_openpose467.png
tshirt_468.png,tshirt468_openpose468.png,tshirt468_densepose468.png,tshirt468_densepose468.png,tshirt468_openpose468.png
tshirt_469.png,tshirt469_openpose469.png,tshirt469_densepose469.png,tshirt469_densepose469.png,tshirt469_openpose469.png
tshirt_470.png,tshirt470_openpose470.png,tshirt470_densepose470.png,tshirt470_densepose470.png,tshirt470_openpose470.png
tshirt_471.png,tshirt471_openpose471.png,tshirt471_densepose471.png,tshirt471_densepose471.png,tshirt471_openpose471.png
tshirt_472.png,tshirt472_openpose472.png,tshirt472_densepose472.png,tshirt472_densepose472.png,tshirt472_openpose472.png
tshirt_473.png,tshirt473_openpose473.png,tshirt473_densepose473.png,tshirt473_densepose473.png,tshirt473_openpose473.png
tshirt_474.png,tshirt474_openpose474.png,tshirt474_densepose474.png,tshirt474_densepose474.png,tshirt474_openpose474.png
tshirt_475.png,tshirt475_openpose475.png,tshirt475_densepose475.png,tshirt475_densepose475.png,tshirt475_openpose475.png
tshirt_476.png,tshirt476_openpose476.png,tshirt476_densepose476.png,tshirt476_densepose476.png,tshirt476_openpose476.png
tshirt_477.png,tshirt477_openpose477.png,tshirt477_densepose477.png,tshirt477_densepose477.png,tshirt477_openpose477.png
tshirt_478.png,tshirt478_openpose478.png,tshirt478_densepose478.png,tshirt478_densepose478.png,tshirt478_openpose478.png
tshirt_479.png,tshirt479_openpose479.png,tshirt479_densepose479.png,tshirt479_densepose479.png,tshirt479_openpose479.png
tshirt_480.png,tshirt480_openpose480.png,tshirt480_densepose480.png,tshirt480_densepose480.png,tshirt480_openpose480.png
tshirt_481.png,tshirt481_openpose481.png,tshirt481_densepose481.png,tshirt481_densepose481.png,tshirt481_openpose481.png
tshirt_482.png,tshirt482_openpose482.png,tshirt482_densepose482.png,tshirt482_densepose482.png,tshirt482_openpose482.png
tshirt_483.png,tshirt483_openpose483.png,tshirt483_densepose483.png,tshirt483_densepose483.png,tshirt483_openpose483.png
tshirt_484.png,tshirt484_openpose484.png,tshirt484_densepose484.png,tshirt484_densepose484.png,tshirt484_openpose484.png
tshirt_485.png,tshirt485_openpose485.png,tshirt485_densepose485.png,tshirt485_densepose485.png,tshirt485_openpose485.png
tshirt_486.png,tshirt486_openpose486.png,tshirt486_densepose486.png,tshirt486_densepose486.png,tshirt486_openpose486.png
tshirt_487.png,tshirt487_openpose487.png,tshirt487_densepose487.png,tshirt487_densepose487.png,tshirt487_openpose487.png
tshirt_488.png,tshirt488_openpose488.png,tshirt488_densepose488.png,tshirt488_densepose488.png,tshirt488_openpose488.png
tshirt_489.png,tshirt489_openpose489.png,tshirt489_densepose489.png,tshirt489_densepose489.png,tshirt489_openpose489.png
tshirt_490.png,tshirt490_openpose490.png,tshirt490_densepose490.png,tshirt490_densepose490.png,tshirt490_openpose490.png
tshirt_491.png,tshirt491_openpose491.png,tshirt491_densepose491.png,tshirt491_densepose491.png,tshirt491_openpose491.png
tshirt_492.png,tshirt492_openpose492.png,tshirt492_densepose492.png,tshirt492_densepose492.png,tshirt492_openpose492.png
tshirt_493.png,tshirt493_openpose493.png,tshirt493_densepose493.png,tshirt493_densepose493.png,tshirt493_openpose493.png
tshirt_494.png,tshirt494_openpose494.png,tshirt494_densepose494.png,tshirt494_densepose494.png,tshirt494_openpose494.png
tshirt_495.png,tshirt495_openpose495.png,tshirt495_densepose495.png,tshirt495_densepose495.png,tshirt495_openpose495.png
tshirt_496.png,tshirt496_openpose496.png,tshirt496_densepose496.png,tshirt496_densepose496.png,tshirt496_openpose496.png
tshirt_497.png,tshirt497_openpose497.png,tshirt497_densepose497.png,tshirt497_densepose497.png,tshirt497_openpose497.png
tshirt_498.png,tshirt498_openpose498.png,tshirt498_densepose498.png,tshirt498_densepose498.png,tshirt498_openpose498.png
tshirt_499.png,tshirt499_openpose499.png,tshirt499_densepose499.png,tshirt499_densepose499.png,tshirt499_openpose499.png
tshirt_500.png,tshirt500_openpose500.png,tshirt500_densepose500.png,tshirt500_densepose500.png,tshirt500_openpose500.png
tshirt_501.png,tshirt501_openpose501.png,tshirt501_densepose501.png,tshirt501_densepose501.png,tshirt501_openpose501.png
tshirt_502.png,tshirt502_openpose502.png,tshirt502_densepose502.png,tshirt502_densepose502.png,tshirt502_openpose502.png
tshirt_503.png,tshirt503_openpose503.png,tshirt503_densepose503.png,tshirt503_densepose503.png,tshirt503_openpose503.png
tshirt_504.png,tshirt504_openpose504.png,tshirt504_densepose504.png,tshirt504_densepose504.png,tshirt504_openpose504.png
tshirt_505.png,tshirt505_openpose505.png,tshirt505_densepose505.png,tshirt505_densepose505.png,tshirt505_openpose505.png
tshirt_506.png,tshirt506_openpose506.png,tshirt506_densepose506.png,tshirt506_densepose506.png,tshirt506_openpose506.png
tshirt_507.png,tshirt507_openpose507.png,tshirt507_densepose507.png,tshirt507_densepose507.png,tshirt507_openpose507.png
tshirt_508.png,tshirt508_openpose508.png,tshirt508_densepose508.png,tshirt508_densepose508.png,tshirt508_openpose508.png
tshirt_510.png,tshirt509_openpose509.png,tshirt509_densepose509.png,tshirt509_densepose509.png,tshirt509_openpose509.png
tshirt_511.png,tshirt510_openpose510.png,tshirt510_densepose510.png,tshirt510_densepose510.png,tshirt510_openpose510.png
tshirt_512.png,tshirt511_openpose511.png,tshirt511_densepose511.png,tshirt511_densepose511.png,tshirt511_openpose511.png
tshirt_513.png,tshirt512_openpose512.png,tshirt512_densepose512.png,tshirt512_densepose512.png,tshirt512_openpose512.png
tshirt_514.png,tshirt513_openpose513.png,tshirt513_densepose513.png,tshirt513_densepose513.png,tshirt513_openpose513.png
tshirt_515.png,tshirt514_openpose514.png,tshirt514_densepose514.png,tshirt514_densepose514.png,tshirt514_openpose514.png
tshirt_516.png,tshirt515_openpose515.png,tshirt515_densepose515.png,tshirt515_densepose515.png,tshirt515_openpose515.png
tshirt_517.png,tshirt516_openpose516.png,tshirt516_densepose516.png,tshirt516_densepose516.png,tshirt516_openpose516.png
tshirt_518.png,tshirt517_openpose517.png,tshirt517_densepose517.png,tshirt517_densepose517.png,tshirt517_openpose517.png
tshirt_519.png,tshirt518_openpose518.png,tshirt518_densepose518.png,tshirt518_densepose518.png,tshirt518_openpose518.png
tshirt_520.png,tshirt519_openpose519.png,tshirt519_densepose519.png,tshirt519_densepose519.png,tshirt519_openpose519.png
tshirt_521.png,tshirt520_openpose520.png,tshirt520_densepose520.png,tshirt520_densepose520.png,tshirt520_openpose520.png
tshirt_522.png,tshirt521_openpose521.png,tshirt521_densepose521.png,tshirt521_densepose521.png,tshirt521_openpose521.png
tshirt_523.png,tshirt522_openpose522.png,tshirt522_densepose522.png,tshirt522_densepose522.png,tshirt522_openpose522.png
tshirt_524.png,tshirt523_openpose523.png,tshirt523_densepose523.png,tshirt523_densepose523.png,tshirt523_openpose523.png
tshirt_525.png,tshirt524_openpose524.png,tshirt524_densepose524.png,tshirt524_densepose524.png,tshirt524_openpose524.png
tshirt_526.png,tshirt525_openpose525.png,tshirt525_densepose525.png,tshirt525_densepose525.png,tshirt525_openpose525.png
tshirt_527.png,tshirt526_openpose526.png,tshirt526_densepose526.png,tshirt526_densepose526.png,tshirt526_openpose526.png
tshirt_528.png,tshirt527_openpose527.png,tshirt527_densepose527.png,tshirt527_densepose527.png,tshirt527_openpose527.png
tshirt_529.png,tshirt528_openpose528.png,tshirt528_densepose528.png,tshirt528_densepose528.png,tshirt528_openpose528.png
tshirt_530.png,tshirt529_openpose529.png,tshirt529_densepose529.png,tshirt529_densepose529.png,tshirt529_openpose529.png
tshirt_531.png,tshirt530_openpose530.png,tshirt530_densepose530.png,tshirt530_densepose530.png,tshirt530_openpose530.png
tshirt_532.png,tshirt531_openpose531.png,tshirt531_densepose531.png,tshirt531_densepose531.png,tshirt531_openpose531.png
tshirt_533.png,tshirt532_openpose532.png,tshirt532_densepose532.png,tshirt532_densepose532.png,tshirt532_openpose532.png
tshirt_534.png,tshirt533_openpose533.png,tshirt533_densepose533.png,tshirt533_densepose533.png,tshirt533_openpose533.png
tshirt_535.png,tshirt534_openpose534.png,tshirt534_densepose534.png,tshirt534_densepose534.png,tshirt534_openpose534.png
tshirt_536.png,tshirt535_openpose535.png,tshirt535_densepose535.png,tshirt535_densepose535.png,tshirt535_openpose535.png
tshirt_537.png,tshirt536_openpose536.png,tshirt536_densepose536.png,tshirt536_densepose536.png,tshirt536_openpose536.png
tshirt_538.png,tshirt537_openpose537.png,tshirt537_densepose537.png,tshirt537_densepose537.png,tshirt537_openpose537.png
tshirt_539.png,tshirt538_openpose538.png,tshirt538_densepose538.png,tshirt538_densepose538.png,tshirt538_openpose538.png
tshirt_540.png,tshirt539_openpose539.png,tshirt539_densepose539.png,tshirt539_densepose539.png,tshirt539_openpose539.png
tshirt_541.png,tshirt540_openpose540.png,tshirt540_densepose540.png,tshirt540_densepose540.png,tshirt540_openpose540.png
tshirt_542.png,tshirt541_openpose541.png,tshirt541_densepose541.png,tshirt541_densepose541.png,tshirt541_openpose541.png
tshirt_543.png,tshirt542_openpose542.png,tshirt542_densepose542.png,tshirt542_densepose542.png,tshirt542_openpose542.png
tshirt_544.png,tshirt543_openpose543.png,tshirt543_densepose543.png,tshirt543_densepose543.png,tshirt543_openpose543.png
tshirt_545.png,tshirt544_openpose544.png,tshirt544_densepose544.png,tshirt544_densepose544.png,tshirt544_openpose544.png
tshirt_546.png,tshirt545_openpose545.png,tshirt545_densepose545.png,tshirt545_densepose545.png,tshirt545_openpose545.png
tshirt_547.png,tshirt546_openpose546.png,tshirt546_densepose546.png,tshirt546_densepose546.png,tshirt546_openpose546.png
tshirt_548.png,tshirt547_openpose547.png,tshirt547_densepose547.png,tshirt547_densepose547.png,tshirt547_openpose547.png
tshirt_549.png,tshirt548_openpose548.png,tshirt548_densepose548.png,tshirt548_densepose548.png,tshirt548_openpose548.png
tshirt_550.png,tshirt549_openpose549.png,tshirt549_densepose549.png,tshirt549_densepose549.png,tshirt549_openpose549.png
tshirt_551.png,tshirt550_openpose550.png,tshirt550_densepose550.png,tshirt550_densepose550.png,tshirt550_openpose550.png
tshirt_552.png,tshirt551_openpose551.png,tshirt551_densepose551.png,tshirt551_densepose551.png,tshirt551_openpose551.png
tshirt_553.png,tshirt552_openpose552.png,tshirt552_densepose552.png,tshirt552_densepose552.png,tshirt552_openpose552.png
tshirt_554.png,tshirt553_openpose553.png,tshirt553_densepose553.png,tshirt553_densepose553.png,tshirt553_openpose553.png
tshirt_555.png,tshirt554_openpose554.png,tshirt554_densepose554.png,tshirt554_densepose554.png,tshirt554_openpose554.png
tshirt_556.png,tshirt555_openpose555.png,tshirt555_densepose555.png,tshirt555_densepose555.png,tshirt555_openpose555.png
tshirt_557.png,tshirt556_openpose556.png,tshirt556_densepose556.png,tshirt556_densepose556.png,tshirt556_openpose556.png
tshirt_558.png,tshirt557_openpose557.png,tshirt557_densepose557.png,tshirt557_densepose557.png,tshirt557_openpose557.png
tshirt_559.png,tshirt558_openpose558.png,tshirt558_densepose558.png,tshirt558_densepose558.png,tshirt558_openpose558.png
tshirt_560.png,tshirt559_openpose559.png,tshirt559_densepose559.png,tshirt559_densepose559.png,tshirt559_openpose559.png
tshirt_561.png,tshirt560_openpose560.png,tshirt560_densepose560.png,tshirt560_densepose560.png,tshirt560_openpose560.png
tshirt_562.png,tshirt561_openpose561.png,tshirt561_densepose561.png,tshirt561_densepose561.png,tshirt561_openpose561.png
tshirt_563.png,tshirt562_openpose562.png,tshirt562_densepose562.png,tshirt562_densepose562.png,tshirt562_openpose562.png
tshirt_564.png,tshirt563_openpose563.png,tshirt563_densepose563.png,tshirt563_densepose563.png,tshirt563_openpose563.png
tshirt_565.png,tshirt564_openpose564.png,tshirt564_densepose564.png,tshirt564_densepose564.png,tshirt564_openpose564.png
tshirt_566.png,tshirt565_openpose565.png,tshirt565_densepose565.png,tshirt565_densepose565.png,tshirt565_openpose565.png
tshirt_567.png,tshirt566_openpose566.png,tshirt566_densepose566.png,tshirt566_densepose566.png,tshirt566_openpose566.png
tshirt_568.png,tshirt567_openpose567.png,tshirt567_densepose567.png,tshirt567_densepose567.png,tshirt567_openpose567.png
tshirt_569.png,tshirt568_openpose568.png,tshirt568_densepose568.png,tshirt568_densepose568.png,tshirt568_openpose568.png
tshirt_570.png,tshirt569_openpose569.png,tshirt569_densepose569.png,tshirt569_densepose569.png,tshirt569_openpose569.png
tshirt_571.png,tshirt570_openpose570.png,tshirt570_densepose570.png,tshirt570_densepose570.png,tshirt570_openpose570.png
tshirt_572.png,tshirt571_openpose571.png,tshirt571_densepose571.png,tshirt571_densepose571.png,tshirt571_openpose571.png
tshirt_573.png,tshirt572_openpose572.png,tshirt572_densepose572.png,tshirt572_densepose572.png,tshirt572_openpose572.png
tshirt_574.png,tshirt573_openpose573.png,tshirt573_densepose573.png,tshirt573_densepose573.png,tshirt573_openpose573.png
tshirt_575.png,tshirt574_openpose574.png,tshirt574_densepose574.png,tshirt574_densepose574.png,tshirt574_openpose574.png
tshirt_576.png,tshirt575_openpose575.png,tshirt575_densepose575.png,tshirt575_densepose575.png,tshirt575_openpose575.png
tshirt_577.png,tshirt576_openpose576.png,tshirt576_densepose576.png,tshirt576_densepose576.png,tshirt576_openpose576.png
tshirt_578.png,tshirt577_openpose577.png,tshirt577_densepose577.png,tshirt577_densepose577.png,tshirt577_openpose577.png
tshirt_579.png,tshirt578_openpose578.png,tshirt578_densepose578.png,tshirt578_densepose578.png,tshirt578_openpose578.png
tshirt_580.png,tshirt579_openpose579.png,tshirt579_densepose579.png,tshirt579_densepose579.png,tshirt579_openpose579.png
tshirt_581.png,tshirt580_openpose580.png,tshirt580_densepose580.png,tshirt580_densepose580.png,tshirt580_openpose580.png
tshirt_582.png,tshirt581_openpose581.png,tshirt581_densepose581.png,tshirt581_densepose581.png,tshirt581_openpose581.png
tshirt_583.png,tshirt582_openpose582.png,tshirt582_densepose582.png,tshirt582_densepose582.png,tshirt582_openpose582.png
tshirt_584.png,tshirt583_openpose583.png,tshirt583_densepose583.png,tshirt583_densepose583.png,tshirt583_openpose583.png
tshirt_585.png,tshirt584_openpose584.png,tshirt584_densepose584.png,tshirt584_densepose584.png,tshirt584_openpose584.png
tshirt_586.png,tshirt585_openpose585.png,tshirt585_densepose585.png,tshirt585_densepose585.png,tshirt585_openpose585.png
tshirt_587.png,tshirt586_openpose586.png,tshirt586_densepose586.png,tshirt586_densepose586.png,tshirt586_openpose586.png
tshirt_588.png,tshirt587_openpose587.png,tshirt587_densepose587.png,tshirt587_densepose587.png,tshirt587_openpose587.png
tshirt_589.png,tshirt588_openpose588.png,tshirt588_densepose588.png,tshirt588_densepose588.png,tshirt588_openpose588.png
tshirt_590.png,tshirt589_openpose589.png,tshirt589_densepose589.png,tshirt589_densepose589.png,tshirt589_openpose589.png
tshirt_591.png,tshirt590_openpose590.png,tshirt590_densepose590.png,tshirt590_densepose590.png,tshirt590_openpose590.png
tshirt_592.png,tshirt591_openpose591.png,tshirt591_densepose591.png,tshirt591_densepose591.png,tshirt591_openpose591.png
tshirt_593.png,tshirt592_openpose592.png,tshirt592_densepose592.png,tshirt592_densepose592.png,tshirt592_openpose592.png
tshirt_594.png,tshirt593_openpose593.png,tshirt593_densepose593.png,tshirt593_densepose593.png,tshirt593_openpose593.png
tshirt_595.png,tshirt594_openpose594.png,tshirt594_densepose594.png,tshirt594_densepose594.png,tshirt594_openpose594.png
tshirt_596.png,tshirt595_openpose595.png,tshirt595_densepose595.png,tshirt595_densepose595.png,tshirt595_openpose595.png
tshirt_597.png,tshirt596_openpose596.png,tshirt596_densepose596.png,tshirt596_densepose596.png,tshirt596_openpose596.png
tshirt_598.png,tshirt597_openpose597.png,tshirt597_densepose597.png,tshirt597_densepose597.png,tshirt597_openpose597.png
tshirt_599.png,tshirt598_openpose598.png,tshirt598_densepose598.png,tshirt598_densepose598.png,tshirt598_openpose598.png
tshirt_600.png,tshirt599_openpose599.png,tshirt599_densepose599.png,tshirt599_densepose599.png,tshirt599_openpose599.png
tshirt_601.png,tshirt600_openpose600.png,tshirt600_densepose600.png,tshirt600_densepose600.png,tshirt600_openpose600.png
tshirt_602.png,tshirt601_openpose601.png,tshirt601_densepose601.png,tshirt601_densepose601.png,tshirt601_openpose601.png
tshirt_603.png,tshirt602_openpose602.png,tshirt602_densepose602.png,tshirt602_densepose602.png,tshirt602_openpose602.png
tshirt_604.png,tshirt603_openpose603.png,tshirt603_densepose603.png,tshirt603_densepose603.png,tshirt603_openpose603.png
tshirt_605.png,tshirt604_openpose604.png,tshirt604_densepose604.png,tshirt604_densepose604.png,tshirt604_openpose604.png
tshirt_606.png,tshirt605_openpose605.png,tshirt605_densepose605.png,tshirt605_densepose605.png,tshirt605_openpose605.png
tshirt_607.png,tshirt606_openpose606.png,tshirt606_densepose606.png,tshirt606_densepose606.png,tshirt606_openpose606.png
tshirt_608.png,tshirt607_openpose607.png,tshirt607_densepose607.png,tshirt607_densepose607.png,tshirt607_openpose607.png
tshirt_609.png,tshirt608_openpose608.png,tshirt608_densepose608.png,tshirt608_densepose608.png,tshirt608_openpose608.png
tshirt_610.png,tshirt609_openpose609.png,tshirt609_densepose609.png,tshirt609_densepose609.png,tshirt609_openpose609.png
tshirt_611.png,tshirt610_openpose610.png,tshirt610_densepose610.png,tshirt610_densepose610.png,tshirt610_openpose610.png
tshirt_612.png,tshirt611_openpose611.png,tshirt611_densepose611.png,tshirt611_densepose611.png,tshirt611_openpose611.png
tshirt_613.png,tshirt612_openpose612.png,tshirt612_densepose612.png,tshirt612_densepose612.png,tshirt612_openpose612.png
tshirt_614.png,tshirt613_openpose613.png,tshirt613_densepose613.png,tshirt613_densepose613.png,tshirt613_openpose613.png
tshirt_615.png,tshirt614_openpose614.png,tshirt614_densepose614.png,tshirt614_densepose614.png,tshirt614_openpose614.png
tshirt_616.png,tshirt615_openpose615.png,tshirt615_densepose615.png,tshirt615_densepose615.png,tshirt615_openpose615.png
tshirt_617.png,tshirt616_openpose616.png,tshirt616_densepose616.png,tshirt616_densepose616.png,tshirt616_openpose616.png
tshirt_618.png,tshirt617_openpose617.png,tshirt617_densepose617.png,tshirt617_densepose617.png,tshirt617_openpose617.png
tshirt_619.png,tshirt618_openpose618.png,tshirt618_densepose618.png,tshirt618_densepose618.png,tshirt618_openpose618.png
tshirt_620.png,tshirt619_openpose619.png,tshirt619_densepose619.png,tshirt619_densepose619.png,tshirt619_openpose619.png
tshirt_621.png,tshirt620_openpose620.png,tshirt620_densepose620.png,tshirt620_densepose620.png,tshirt620_openpose620.png
tshirt_622.png,tshirt621_openpose621.png,tshirt621_densepose621.png,tshirt621_densepose621.png,tshirt621_openpose621.png
tshirt_623.png,tshirt622_openpose622.png,tshirt622_densepose622.png,tshirt622_densepose622.png,tshirt622_openpose622.png
tshirt_624.png,tshirt623_openpose623.png,tshirt623_densepose623.png,tshirt623_densepose623.png,tshirt623_openpose623.png
tshirt_625.png,tshirt624_openpose624.png,tshirt624_densepose624.png,tshirt624_densepose624.png,tshirt624_openpose624.png
tshirt_626.png,tshirt625_openpose625.png,tshirt625_densepose625.png,tshirt625_densepose625.png,tshirt625_openpose625.png
tshirt_627.png,tshirt626_openpose626.png,tshirt626_densepose626.png,tshirt626_densepose626.png,tshirt626_openpose626.png
tshirt_628.png,tshirt627_openpose627.png,tshirt627_densepose627.png,tshirt627_densepose627.png,tshirt627_openpose627.png
tshirt_629.png,tshirt628_openpose628.png,tshirt628_densepose628.png,tshirt628_densepose628.png,tshirt628_openpose628.png
tshirt_630.png,tshirt629_openpose629.png,tshirt629_densepose629.png,tshirt629_densepose629.png,tshirt629_openpose629.png
tshirt_631.png,tshirt630_openpose630.png,tshirt630_densepose630.png,tshirt630_densepose630.png,tshirt630_openpose630.png
tshirt_632.png,tshirt631_openpose631.png,tshirt631_densepose631.png,tshirt631_densepose631.png,tshirt631_openpose631.png
tshirt_633.png,tshirt632_openpose632.png,tshirt632_densepose632.png,tshirt632_densepose632.png,tshirt632_openpose632.png
tshirt_634.png,tshirt633_openpose633.png,tshirt633_densepose633.png,tshirt633_densepose633.png,tshirt633_openpose633.png
tshirt_635.png,tshirt634_openpose634.png,tshirt634_densepose634.png,tshirt634_densepose634.png,tshirt634_openpose634.png
tshirt_636.png,tshirt635_openpose635.png,tshirt635_densepose635.png,tshirt635_densepose635.png,tshirt635_openpose635.png
tshirt_637.png,tshirt636_openpose636.png,tshirt636_densepose636.png,tshirt636_densepose636.png,tshirt636_openpose636.png
tshirt_638.png,tshirt637_openpose637.png,tshirt637_densepose637.png,tshirt637_densepose637.png,tshirt637_openpose637.png
tshirt_639.png,tshirt638_openpose638.png,tshirt638_densepose638.png,tshirt638_densepose638.png,tshirt638_openpose638.png
tshirt_640.png,tshirt639_openpose639.png,tshirt639_densepose639.png,tshirt639_densepose639.png,tshirt639_openpose639.png
tshirt_641.png,tshirt640_openpose640.png,tshirt640_densepose640.png,tshirt640_densepose640.png,tshirt640_openpose640.png
tshirt_642.png,tshirt641_openpose641.png,tshirt641_densepose641.png,tshirt641_densepose641.png,tshirt641_openpose641.png
tshirt_643.png,tshirt642_openpose642.png,tshirt642_densepose642.png,tshirt642_densepose642.png,tshirt642_openpose642.png
tshirt_644.png,tshirt643_openpose643.png,tshirt643_densepose643.png,tshirt643_densepose643.png,tshirt643_openpose643.png
tshirt_645.png,tshirt644_openpose644.png,tshirt644_densepose644.png,tshirt644_densepose644.png,tshirt644_openpose644.png
tshirt_646.png,tshirt645_openpose645.png,tshirt645_densepose645.png,tshirt645_densepose645.png,tshirt645_openpose645.png
tshirt_647.png,tshirt646_openpose646.png,tshirt646_densepose646.png,tshirt646_densepose646.png,tshirt646_openpose646.png
tshirt_648.png,tshirt647_openpose647.png,tshirt647_densepose647.png,tshirt647_densepose647.png,tshirt647_openpose647.png
tshirt_649.png,tshirt648_openpose648.png,tshirt648_densepose648.png,tshirt648_densepose648.png,tshirt648_openpose648.png
tshirt_650.png,tshirt649_openpose649.png,tshirt649_densepose649.png,tshirt649_densepose649.png,tshirt649_openpose649.png
tshirt_651.png,tshirt650_openpose650.png,tshirt650_densepose650.png,tshirt650_densepose650.png,tshirt650_openpose650.png
tshirt_652.png,tshirt651_openpose651.png,tshirt651_densepose651.png,tshirt651_densepose651.png,tshirt651_openpose651.png
tshirt_653.png,tshirt652_openpose652.png,tshirt652_densepose652.png,tshirt652_densepose652.png,tshirt652_openpose652.png
tshirt_654.png,tshirt653_openpose653.png,tshirt653_densepose653.png,tshirt653_densepose653.png,tshirt653_openpose653.png
tshirt_655.png,tshirt654_openpose654.png,tshirt654_densepose654.png,tshirt654_densepose654.png,tshirt654_openpose654.png
tshirt_656.png,tshirt655_openpose655.png,tshirt655_densepose655.png,tshirt655_densepose655.png,tshirt655_openpose655.png
tshirt_657.png,tshirt656_openpose656.png,tshirt656_densepose656.png,tshirt656_densepose656.png,tshirt656_openpose656.png
tshirt_658.png,tshirt657_openpose657.png,tshirt657_densepose657.png,tshirt657_densepose657.png,tshirt657_openpose657.png
tshirt_659.png,tshirt658_openpose658.png,tshirt658_densepose658.png,tshirt658_densepose658.png,tshirt658_openpose658.png
tshirt_660.png,tshirt659_openpose659.png,tshirt659_densepose659.png,tshirt659_densepose659.png,tshirt659_openpose659.png
tshirt_661.png,tshirt660_openpose660.png,tshirt660_densepose660.png,tshirt660_densepose660.png,tshirt660_openpose660.png
tshirt_662.png,tshirt661_openpose661.png,tshirt661_densepose661.png,tshirt661_densepose661.png,tshirt661_openpose661.png
tshirt_663.png,tshirt662_openpose662.png,tshirt662_densepose662.png,tshirt662_densepose662.png,tshirt662_openpose662.png
tshirt_664.png,tshirt663_openpose663.png,tshirt663_densepose663.png,tshirt663_densepose663.png,tshirt663_openpose663.png
tshirt_665.png,tshirt664_openpose664.png,tshirt664_densepose664.png,tshirt664_densepose664.png,tshirt664_openpose664.png
tshirt_666.png,tshirt665_openpose665.png,tshirt665_densepose665.png,tshirt665_densepose665.png,tshirt665_openpose665.png
tshirt_667.png,tshirt666_openpose666.png,tshirt666_densepose666.png,tshirt666_densepose666.png,tshirt666_openpose666.png
tshirt_668.png,tshirt667_openpose667.png,tshirt667_densepose667.png,tshirt667_densepose667.png,tshirt667_openpose667.png
tshirt_669.png,tshirt668_openpose668.png,tshirt668_densepose668.png,tshirt668_densepose668.png,tshirt668_openpose668.png
tshirt_670.png,tshirt669_openpose669.png,tshirt669_densepose669.png,tshirt669_densepose669.png,tshirt669_openpose669.png
tshirt_671.png,tshirt670_openpose670.png,tshirt670_densepose670.png,tshirt670_densepose670.png,tshirt670_openpose670.png
tshirt_672.png,tshirt671_openpose671.png,tshirt671_densepose671.png,tshirt671_densepose671.png,tshirt671_openpose671.png
tshirt_673.png,tshirt672_openpose672.png,tshirt672_densepose672.png,tshirt672_densepose672.png,tshirt672_openpose672.png
tshirt_674.png,tshirt673_openpose673.png,tshirt673_densepose673.png,tshirt673_densepose673.png,tshirt673_openpose673.png
tshirt_675.png,tshirt674_openpose674.png,tshirt674_densepose674.png,tshirt674_densepose674.png,tshirt674_openpose674.png
tshirt_676.png,tshirt675_openpose675.png,tshirt675_densepose675.png,tshirt675_densepose675.png,tshirt675_openpose675.png
tshirt_677.png,tshirt676_openpose676.png,tshirt676_densepose676.png,tshirt676_densepose676.png,tshirt676_openpose676.png
tshirt_678.png,tshirt677_openpose677.png,tshirt677_densepose677.png,tshirt677_densepose677.png,tshirt677_openpose677.png
tshirt_679.png,tshirt678_openpose678.png,tshirt678_densepose678.png,tshirt678_densepose678.png,tshirt678_openpose678.png
tshirt_680.png,tshirt679_openpose679.png,tshirt679_densepose679.png,tshirt679_densepose679.png,tshirt679_openpose679.png
tshirt_681.png,tshirt680_openpose680.png,tshirt680_densepose680.png,tshirt680_densepose680.png,tshirt680_openpose680.png
tshirt_682.png,tshirt681_openpose681.png,tshirt681_densepose681.png,tshirt681_densepose681.png,tshirt681_openpose681.png
tshirt_683.png,tshirt682_openpose682.png,tshirt682_densepose682.png,tshirt682_densepose682.png,tshirt682_openpose682.png
tshirt_684.png,tshirt683_openpose683.png,tshirt683_densepose683.png,tshirt683_densepose683.png,tshirt683_openpose683.png
tshirt_685.png,tshirt684_openpose684.png,tshirt684_densepose684.png,tshirt684_densepose684.png,tshirt684_openpose684.png
tshirt_686.png,tshirt685_openpose685.png,tshirt685_densepose685.png,tshirt685_densepose685.png,tshirt685_openpose685.png
tshirt_687.png,tshirt686_openpose686.png,tshirt686_densepose686.png,tshirt686_densepose686.png,tshirt686_openpose686.png
tshirt_688.png,tshirt687_openpose687.png,tshirt687_densepose687.png,tshirt687_densepose687.png,tshirt687_openpose687.png
tshirt_689.png,tshirt688_openpose688.png,tshirt688_densepose688.png,tshirt688_densepose688.png,tshirt688_openpose688.png
tshirt_690.png,tshirt689_openpose689.png,tshirt689_densepose689.png,tshirt689_densepose689.png,tshirt689_openpose689.png
tshirt_691.png,tshirt690_openpose690.png,tshirt690_densepose690.png,tshirt690_densepose690.png,tshirt690_openpose690.png
tshirt_692.png,tshirt691_openpose691.png,tshirt691_densepose691.png,tshirt691_densepose691.png,tshirt691_openpose691.png
tshirt_693.png,tshirt692_openpose692.png,tshirt692_densepose692.png,tshirt692_densepose692.png,tshirt692_openpose692.png
tshirt_694.png,tshirt693_openpose693.png,tshirt693_densepose693.png,tshirt693_densepose693.png,tshirt693_openpose693.png
tshirt_695.png,tshirt694_openpose694.png,tshirt694_densepose694.png,tshirt694_densepose694.png,tshirt694_openpose694.png
tshirt_696.png,tshirt695_openpose695.png,tshirt695_densepose695.png,tshirt695_densepose695.png,tshirt695_openpose695.png
tshirt_697.png,tshirt696_openpose696.png,tshirt696_densepose696.png,tshirt696_densepose696.png,tshirt696_openpose696.png
tshirt_698.png,tshirt697_openpose697.png,tshirt697_densepose697.png,tshirt697_densepose697.png,tshirt697_openpose697.png
tshirt_699.png,tshirt698_openpose698.png,tshirt698_densepose698.png,tshirt698_densepose698.png,tshirt698_openpose698.png
tshirt_700.png,tshirt699_openpose699.png,tshirt699_densepose699.png,tshirt699_densepose699.png,tshirt699_openpose699.png
tshirt_701.png,tshirt700_openpose700.png,tshirt700_densepose700.png,tshirt700_densepose700.png,tshirt700_openpose700.png
tshirt_702.png,tshirt701_openpose701.png,tshirt701_densepose701.png,tshirt701_densepose701.png,tshirt701_openpose701.png
tshirt_703.png,tshirt702_openpose702.png,tshirt702_densepose702.png,tshirt702_densepose702.png,tshirt702_openpose702.png
tshirt_704.png,tshirt703_openpose703.png,tshirt703_densepose703.png,tshirt703_densepose703.png,tshirt703_openpose703.png
tshirt_705.png,tshirt704_openpose704.png,tshirt704_densepose704.png,tshirt704_densepose704.png,tshirt704_openpose704.png
tshirt_706.png,tshirt705_openpose705.png,tshirt705_densepose705.png,tshirt705_densepose705.png,tshirt705_openpose705.png
tshirt_707.png,tshirt706_openpose706.png,tshirt706_densepose706.png,tshirt706_densepose706.png,tshirt706_openpose706.png
tshirt_708.png,tshirt707_openpose707.png,tshirt707_densepose707.png,tshirt707_densepose707.png,tshirt707_openpose707.png
tshirt_709.png,tshirt708_openpose708.png,tshirt708_densepose708.png,tshirt708_densepose708.png,tshirt708_openpose708.png
tshirt_710.png,tshirt709_openpose709.png,tshirt709_densepose709.png,tshirt709_densepose709.png,tshirt709_openpose709.png
tshirt_711.png,tshirt710_openpose710.png,tshirt710_densepose710.png,tshirt710_densepose710.png,tshirt710_openpose710.png
tshirt_712.png,tshirt711_openpose711.png,tshirt711_densepose711.png,tshirt711_densepose711.png,tshirt711_openpose711.png
tshirt_713.png,tshirt712_openpose712.png,tshirt712_densepose712.png,tshirt712_densepose712.png,tshirt712_openpose712.png
tshirt_714.png,tshirt713_openpose713.png,tshirt713_densepose713.png,tshirt713_densepose713.png,tshirt713_openpose713.png
tshirt_715.png,tshirt714_openpose714.png,tshirt714_densepose714.png,tshirt714_densepose714.png,tshirt714_openpose714.png
tshirt_716.png,tshirt715_openpose715.png,tshirt715_densepose715.png,tshirt715_densepose715.png,tshirt715_openpose715.png
tshirt_717.png,tshirt716_openpose716.png,tshirt716_densepose716.png,tshirt716_densepose716.png,tshirt716_openpose716.png
tshirt_718.png,tshirt717_openpose717.png,tshirt717_densepose717.png,tshirt717_densepose717.png,tshirt717_openpose717.png
tshirt_719.png,tshirt718_openpose718.png,tshirt718_densepose718.png,tshirt718_densepose718.png,tshirt718_openpose718.png
tshirt_720.png,tshirt719_openpose719.png,tshirt719_densepose719.png,tshirt719_densepose719.png,tshirt719_openpose719.png
tshirt_721.png,tshirt720_openpose720.png,tshirt720_densepose720.png,tshirt720_densepose720.png,tshirt720_openpose720.png
tshirt_722.png,tshirt721_openpose721.png,tshirt721_densepose721.png,tshirt721_densepose721.png,tshirt721_openpose721.png
tshirt_723.png,tshirt722_openpose722.png,tshirt722_densepose722.png,tshirt722_densepose722.png,tshirt722_openpose722.png
tshirt_724.png,tshirt723_openpose723.png,tshirt723_densepose723.png,tshirt723_densepose723.png,tshirt723_openpose723.png
tshirt_725.png,tshirt724_openpose724.png,tshirt724_densepose724.png,tshirt724_densepose724.png,tshirt724_openpose724.png
tshirt_726.png,tshirt725_openpose725.png,tshirt725_densepose725.png,tshirt725_densepose725.png,tshirt725_openpose725.png
tshirt_727.png,tshirt726_openpose726.png,tshirt726_densepose726.png,tshirt726_densepose726.png,tshirt726_openpose726.png
tshirt_728.png,tshirt727_openpose727.png,tshirt727_densepose727.png,tshirt727_densepose727.png,tshirt727_openpose727.png
tshirt_729.png,tshirt728_openpose728.png,tshirt728_densepose728.png,tshirt728_densepose728.png,tshirt728_openpose728.png
tshirt_730.png,tshirt729_openpose729.png,tshirt729_densepose729.png,tshirt729_densepose729.png,tshirt729_openpose729.png
tshirt_731.png,tshirt730_openpose730.png,tshirt730_densepose730.png,tshirt730_densepose730.png,tshirt730_openpose730.png
tshirt_732.png,tshirt731_openpose731.png,tshirt731_densepose731.png,tshirt731_densepose731.png,tshirt731_openpose731.png
tshirt_733.png,tshirt732_openpose732.png,tshirt732_densepose732.png,tshirt732_densepose732.png,tshirt732_openpose732.png
tshirt_734.png,tshirt733_openpose733.png,tshirt733_densepose733.png,tshirt733_densepose733.png,tshirt733_openpose733.png
tshirt_735.png,tshirt734_openpose734.png,tshirt734_densepose734.png,tshirt734_densepose734.png,tshirt734_openpose734.png
tshirt_736.png,tshirt735_openpose735.png,tshirt735_densepose735.png,tshirt735_densepose735.png,tshirt735_openpose735.png
tshirt_737.png,tshirt736_openpose736.png,tshirt736_densepose736.png,tshirt736_densepose736.png,tshirt736_openpose736.png
tshirt_738.png,tshirt737_openpose737.png,tshirt737_densepose737.png,tshirt737_densepose737.png,tshirt737_openpose737.png
tshirt_739.png,tshirt738_openpose738.png,tshirt738_densepose738.png,tshirt738_densepose738.png,tshirt738_openpose738.png
tshirt_740.png,tshirt739_openpose739.png,tshirt739_densepose739.png,tshirt739_densepose739.png,tshirt739_openpose739.png
tshirt_741.png,tshirt740_openpose740.png,tshirt740_densepose740.png,tshirt740_densepose740.png,tshirt740_openpose740.png
tshirt_742.png,tshirt741_openpose741.png,tshirt741_densepose741.png,tshirt741_densepose741.png,tshirt741_openpose741.png
tshirt_743.png,tshirt742_openpose742.png,tshirt742_densepose742.png,tshirt742_densepose742.png,tshirt742_openpose742.png
tshirt_744.png,tshirt743_openpose743.png,tshirt743_densepose743.png,tshirt743_densepose743.png,tshirt743_openpose743.png
tshirt_745.png,tshirt744_openpose744.png,tshirt744_densepose744.png,tshirt744_densepose744.png,tshirt744_openpose744.png
tshirt_746.png,tshirt745_openpose745.png,tshirt745_densepose745.png,tshirt745_densepose745.png,tshirt745_openpose745.png
tshirt_747.png,tshirt746_openpose746.png,tshirt746_densepose746.png,tshirt746_densepose746.png,tshirt746_openpose746.png
tshirt_748.png,tshirt747_openpose747.png,tshirt747_densepose747.png,tshirt747_densepose747.png,tshirt747_openpose747.png
tshirt_749.png,tshirt748_openpose748.png,tshirt748_densepose748.png,tshirt748_densepose748.png,tshirt748_openpose748.png
tshirt_750.png,tshirt749_openpose749.png,tshirt749_densepose749.png,tshirt749_densepose749.png,tshirt749_openpose749.png
tshirt_751.png,tshirt750_openpose750.png,tshirt750_densepose750.png,tshirt750_densepose750.png,tshirt750_openpose750.png
tshirt_752.png,tshirt751_openpose751.png,tshirt751_densepose751.png,tshirt751_densepose751.png,tshirt751_openpose751.png
tshirt_753.png,tshirt752_openpose752.png,tshirt752_densepose752.png,tshirt752_densepose752.png,tshirt752_openpose752.png
tshirt_754.png,tshirt753_openpose753.png,tshirt753_densepose753.png,tshirt753_densepose753.png,tshirt753_openpose753.png
tshirt_755.png,tshirt754_openpose754.png,tshirt754_densepose754.png,tshirt754_densepose754.png,tshirt754_openpose754.png
tshirt_756.png,tshirt755_openpose755.png,tshirt755_densepose755.png,tshirt755_densepose755.png,tshirt755_openpose755.png
tshirt_757.png,tshirt756_openpose756.png,tshirt756_densepose756.png,tshirt756_densepose756.png,tshirt756_openpose756.png
tshirt_758.png,tshirt757_openpose757.png,tshirt757_densepose757.png,tshirt757_densepose757.png,tshirt757_openpose757.png
tshirt_759.png,tshirt758_openpose758.png,tshirt758_densepose758.png,tshirt758_densepose758.png,tshirt758_openpose758.png
tshirt_760.png,tshirt759_openpose759.png,tshirt759_densepose759.png,tshirt759_densepose759.png,tshirt759_openpose759.png
tshirt_761.png,tshirt760_openpose760.png,tshirt760_densepose760.png,tshirt760_densepose760.png,tshirt760_openpose760.png
tshirt_762.png,tshirt761_openpose761.png,tshirt761_densepose761.png,tshirt761_densepose761.png,tshirt761_openpose761.png
tshirt_763.png,tshirt762_openpose762.png,tshirt762_densepose762.png,tshirt762_densepose762.png,tshirt762_openpose762.png
tshirt_764.png,tshirt763_openpose763.png,tshirt763_densepose763.png,tshirt763_densepose763.png,tshirt763_openpose763.png
tshirt_765.png,tshirt764_openpose764.png,tshirt764_densepose764.png,tshirt764_densepose764.png,tshirt764_openpose764.png
tshirt_766.png,tshirt765_openpose765.png,tshirt765_densepose765.png,tshirt765_densepose765.png,tshirt765_openpose765.png
tshirt_767.png,tshirt766_openpose766.png,tshirt766_densepose766.png,tshirt766_densepose766.png,tshirt766_openpose766.png
tshirt_768.png,tshirt767_openpose767.png,tshirt767_densepose767.png,tshirt767_densepose767.png,tshirt767_openpose767.png
tshirt_769.png,tshirt768_openpose768.png,tshirt768_densepose768.png,tshirt768_densepose768.png,tshirt768_openpose768.png
tshirt_770.png,tshirt769_openpose769.png,tshirt769_densepose769.png,tshirt769_densepose769.png,tshirt769_openpose769.png
tshirt_771.png,tshirt770_openpose770.png,tshirt770_densepose770.png,tshirt770_densepose770.png,tshirt770_openpose770.png
tshirt_772.png,tshirt771_openpose771.png,tshirt771_densepose771.png,tshirt771_densepose771.png,tshirt771_openpose771.png
tshirt_773.png,tshirt772_openpose772.png,tshirt772_densepose772.png,tshirt772_densepose772.png,tshirt772_openpose772.png
tshirt_774.png,tshirt773_openpose773.png,tshirt773_densepose773.png,tshirt773_densepose773.png,tshirt773_openpose773.png
tshirt_775.png,tshirt774_openpose774.png,tshirt774_densepose774.png,tshirt774_densepose774.png,tshirt774_openpose774.png
tshirt_776.png,tshirt775_openpose775.png,tshirt775_densepose775.png,tshirt775_densepose775.png,tshirt775_openpose775.png
tshirt_777.png,tshirt776_openpose776.png,tshirt776_densepose776.png,tshirt776_densepose776.png,tshirt776_openpose776.png
tshirt_778.png,tshirt777_openpose777.png,tshirt777_densepose777.png,tshirt777_densepose777.png,tshirt777_openpose777.png
tshirt_779.png,tshirt778_openpose778.png,tshirt778_densepose778.png,tshirt778_densepose778.png,tshirt778_openpose778.png
tshirt_780.png,tshirt779_openpose779.png,tshirt779_densepose779.png,tshirt779_densepose779.png,tshirt779_openpose779.png
tshirt_781.png,tshirt780_openpose780.png,tshirt780_densepose780.png,tshirt780_densepose780.png,tshirt780_openpose780.png
tshirt_782.png,tshirt781_openpose781.png,tshirt781_densepose781.png,tshirt781_densepose781.png,tshirt781_openpose781.png
tshirt_783.png,tshirt782_openpose782.png,tshirt782_densepose782.png,tshirt782_densepose782.png,tshirt782_openpose782.png
tshirt_784.png,tshirt783_openpose783.png,tshirt783_densepose783.png,tshirt783_densepose783.png,tshirt783_openpose783.png
tshirt_785.png,tshirt784_openpose784.png,tshirt784_densepose784.png,tshirt784_densepose784.png,tshirt784_openpose784.png
tshirt_786.png,tshirt785_openpose785.png,tshirt785_densepose785.png,tshirt785_densepose785.png,tshirt785_openpose785.png
tshirt_787.png,tshirt786_openpose786.png,tshirt786_densepose786.png,tshirt786_densepose786.png,tshirt786_openpose786.png
tshirt_788.png,tshirt787_openpose787.png,tshirt787_densepose787.png,tshirt787_densepose787.png,tshirt787_openpose787.png
tshirt_789.png,tshirt788_openpose788.png,tshirt788_densepose788.png,tshirt788_densepose788.png,tshirt788_openpose788.png
tshirt_790.png,tshirt789_openpose789.png,tshirt789_densepose789.png,tshirt789_densepose789.png,tshirt789_openpose789.png
tshirt_791.png,tshirt790_openpose790.png,tshirt790_densepose790.png,tshirt790_densepose790.png,tshirt790_openpose790.png
tshirt_792.png,tshirt791_openpose791.png,tshirt791_densepose791.png,tshirt791_densepose791.png,tshirt791_openpose791.png
tshirt_793.png,tshirt792_openpose792.png,tshirt792_densepose792.png,tshirt792_densepose792.png,tshirt792_openpose792.png
tshirt_794.png,tshirt793_openpose793.png,tshirt793_densepose793.png,tshirt793_densepose793.png,tshirt793_openpose793.png
tshirt_795.png,tshirt794_openpose794.png,tshirt794_densepose794.png,tshirt794_densepose794.png,tshirt794_openpose794.png
tshirt_796.png,tshirt795_openpose795.png,tshirt795_densepose795.png,tshirt795_densepose795.png,tshirt795_openpose795.png
tshirt_797.png,tshirt796_openpose796.png,tshirt796_densepose796.png,tshirt796_densepose796.png,tshirt796_openpose796.png
tshirt_798.png,tshirt797_openpose797.png,tshirt797_densepose797.png,tshirt797_densepose797.png,tshirt797_openpose797.png
tshirt_799.png,tshirt798_openpose798.png,tshirt798_densepose798.png,tshirt798_densepose798.png,tshirt798_openpose798.png
tshirt_800.png,tshirt799_openpose799.png,tshirt799_densepose799.png,tshirt799_densepose799.png,tshirt799_openpose799.png
tshirt_801.png,tshirt800_openpose800.png,tshirt800_densepose800.png,tshirt800_densepose800.png,tshirt800_openpose800.png
tshirt_802.png,tshirt801_openpose801.png,tshirt801_densepose801.png,tshirt801_densepose801.png,tshirt801_openpose801.png
tshirt_803.png,tshirt802_openpose802.png,tshirt802_densepose802.png,tshirt802_densepose802.png,tshirt802_openpose802.png
tshirt_804.png,tshirt803_openpose803.png,tshirt803_densepose803.png,tshirt803_densepose803.png,tshirt803_openpose803.png
tshirt_805.png,tshirt804_openpose804.png,tshirt804_densepose804.png,tshirt804_densepose804.png,tshirt804_openpose804.png
tshirt_806.png,tshirt805_openpose805.png,tshirt805_densepose805.png,tshirt805_densepose805.png,tshirt805_openpose805.png
tshirt_807.png,tshirt806_openpose806.png,tshirt806_densepose806.png,tshirt806_densepose806.png,tshirt806_openpose806.png
tshirt_808.png,tshirt807_openpose807.png,tshirt807_densepose807.png,tshirt807_densepose807.png,tshirt807_openpose807.png
tshirt_809.png,tshirt808_openpose808.png,tshirt808_densepose808.png,tshirt808_densepose808.png,tshirt808_openpose808.png
tshirt_810.png,tshirt809_openpose809.png,tshirt809_densepose809.png,tshirt809_densepose809.png,tshirt809_openpose809.png
tshirt_811.png,tshirt810_openpose810.png,tshirt810_densepose810.png,tshirt810_densepose810.png,tshirt810_openpose810.png
tshirt_812.png,tshirt811_openpose811.png,tshirt811_densepose811.png,tshirt811_densepose811.png,tshirt811_openpose811.png
tshirt_813.png,tshirt812_openpose812.png,tshirt812_densepose812.png,tshirt812_densepose812.png,tshirt812_openpose812.png
tshirt_814.png,tshirt813_openpose813.png,tshirt813_densepose813.png,tshirt813_densepose813.png,tshirt813_openpose813.png
tshirt_815.png,tshirt814_openpose814.png,tshirt814_densepose814.png,tshirt814_densepose814.png,tshirt814_openpose814.png
tshirt_816.png,tshirt815_openpose815.png,tshirt815_densepose815.png,tshirt815_densepose815.png,tshirt815_openpose815.png
tshirt_817.png,tshirt816_openpose816.png,tshirt816_densepose816.png,tshirt816_densepose816.png,tshirt816_openpose816.png
tshirt_818.png,tshirt817_openpose817.png,tshirt817_densepose817.png,tshirt817_densepose817.png,tshirt817_openpose817.png
tshirt_819.png,tshirt818_openpose818.png,tshirt818_densepose818.png,tshirt818_densepose818.png,tshirt818_openpose818.png
tshirt_820.png,tshirt819_openpose819.png,tshirt819_densepose819.png,tshirt819_densepose819.png,tshirt819_openpose819.png
tshirt_821.png,tshirt820_openpose820.png,tshirt820_densepose820.png,tshirt820_densepose820.png,tshirt820_openpose820.png
tshirt_822.png,tshirt821_openpose821.png,tshirt821_densepose821.png,tshirt821_densepose821.png,tshirt821_openpose821.png
tshirt_823.png,tshirt822_openpose822.png,tshirt822_densepose822.png,tshirt822_densepose822.png,tshirt822_openpose822.png
tshirt_824.png,tshirt823_openpose823.png,tshirt823_densepose823.png,tshirt823_densepose823.png,tshirt823_openpose823.png
tshirt_825.png,tshirt824_openpose824.png,tshirt824_densepose824.png,tshirt824_densepose824.png,tshirt824_openpose824.png
tshirt_826.png,tshirt825_openpose825.png,tshirt825_densepose825.png,tshirt825_densepose825.png,tshirt825_openpose825.png
tshirt_827.png,tshirt826_openpose826.png,tshirt826_densepose826.png,tshirt826_densepose826.png,tshirt826_openpose826.png
tshirt_828.png,tshirt827_openpose827.png,tshirt827_densepose827.png,tshirt827_densepose827.png,tshirt827_openpose827.png
tshirt_829.png,tshirt828_openpose828.png,tshirt828_densepose828.png,tshirt828_densepose828.png,tshirt828_openpose828.png
tshirt_830.png,tshirt829_openpose829.png,tshirt829_densepose829.png,tshirt829_densepose829.png,tshirt829_openpose829.png
tshirt_831.png,tshirt830_openpose830.png,tshirt830_densepose830.png,tshirt830_densepose830.png,tshirt830_openpose830.png
tshirt_832.png,tshirt831_openpose831.png,tshirt831_densepose831.png,tshirt831_densepose831.png,tshirt831_openpose831.png
tshirt_833.png,tshirt832_openpose832.png,tshirt832_densepose832.png,tshirt832_densepose832.png,tshirt832_openpose832.png
tshirt_834.png,tshirt833_openpose833.png,tshirt833_densepose833.png,tshirt833_densepose833.png,tshirt833_openpose833.png
tshirt_835.png,tshirt834_openpose834.png,tshirt834_densepose834.png,tshirt834_densepose834.png,tshirt834_openpose834.png
tshirt_836.png,tshirt835_openpose835.png,tshirt835_densepose835.png,tshirt835_densepose835.png,tshirt835_openpose835.png
tshirt_837.png,tshirt836_openpose836.png,tshirt836_densepose836.png,tshirt836_densepose836.png,tshirt836_openpose836.png
tshirt_838.png,tshirt837_openpose837.png,tshirt837_densepose837.png,tshirt837_densepose837.png,tshirt837_openpose837.png
tshirt_839.png,tshirt838_openpose838.png,tshirt838_densepose838.png,tshirt838_densepose838.png,tshirt838_openpose838.png
tshirt_840.png,tshirt839_openpose839.png,tshirt839_densepose839.png,tshirt839_densepose839.png,tshirt839_openpose839.png
tshirt_841.png,tshirt840_openpose840.png,tshirt840_densepose840.png,tshirt840_densepose840.png,tshirt840_openpose840.png
tshirt_842.png,tshirt841_openpose841.png,tshirt841_densepose841.png,tshirt841_densepose841.png,tshirt841_openpose841.png
tshirt_843.png,tshirt842_openpose842.png,tshirt842_densepose842.png,tshirt842_densepose842.png,tshirt842_openpose842.png
tshirt_844.png,tshirt843_openpose843.png,tshirt843_densepose843.png,tshirt843_densepose843.png,tshirt843_openpose843.png
tshirt_845.png,tshirt844_openpose844.png,tshirt844_densepose844.png,tshirt844_densepose844.png,tshirt844_openpose844.png
tshirt_846.png,tshirt845_openpose845.png,tshirt845_densepose845.png,tshirt845_densepose845.png,tshirt845_openpose845.png
tshirt_847.png,tshirt846_openpose846.png,tshirt846_densepose846.png,tshirt846_densepose846.png,tshirt846_openpose846.png
tshirt_848.png,tshirt847_openpose847.png,tshirt847_densepose847.png,tshirt847_densepose847.png,tshirt847_openpose847.png
tshirt_849.png,tshirt848_openpose848.png,tshirt848_densepose848.png,tshirt848_densepose848.png,tshirt848_openpose848.png
tshirt_850.png,tshirt849_openpose849.png,tshirt849_densepose849.png,tshirt849_densepose849.png,tshirt849_openpose849.png
tshirt_851.png,tshirt850_openpose850.png,tshirt850_densepose850.png,tshirt850_densepose850.png,tshirt850_openpose850.png
tshirt_852.png,tshirt851_openpose851.png,tshirt851_densepose851.png,tshirt851_densepose851.png,tshirt851_openpose851.png
tshirt_853.png,tshirt852_openpose852.png,tshirt852_densepose852.png,tshirt852_densepose852.png,tshirt852_openpose852.png
tshirt_854.png,tshirt853_openpose853.png,tshirt853_densepose853.png,tshirt853_densepose853.png,tshirt853_openpose853.png
tshirt_855.png,tshirt854_openpose854.png,tshirt854_densepose854.png,tshirt854_densepose854.png,tshirt854_openpose854.png
tshirt_856.png,tshirt855_openpose855.png,tshirt855_densepose855.png,tshirt855_densepose855.png,tshirt855_openpose855.png
tshirt_857.png,tshirt856_openpose856.png,tshirt856_densepose856.png,tshirt856_densepose856.png,tshirt856_openpose856.png
tshirt_858.png,tshirt857_openpose857.png,tshirt857_densepose857.png,tshirt857_densepose857.png,tshirt857_openpose857.png
tshirt_859.png,tshirt858_openpose858.png,tshirt858_densepose858.png,tshirt858_densepose858.png,tshirt858_openpose858.png
tshirt_860.png,tshirt859_openpose859.png,tshirt859_densepose859.png,tshirt859_densepose859.png,tshirt859_openpose859.png
tshirt_861.png,tshirt860_openpose860.png,tshirt860_densepose860.png,tshirt860_densepose860.png,tshirt860_openpose860.png
tshirt_862.png,tshirt861_openpose861.png,tshirt861_densepose861.png,tshirt861_densepose861.png,tshirt861_openpose861.png
tshirt_863.png,tshirt862_openpose862.png,tshirt862_densepose862.png,tshirt862_densepose862.png,tshirt862_openpose862.png
tshirt_864.png,tshirt863_openpose863.png,tshirt863_densepose863.png,tshirt863_densepose863.png,tshirt863_openpose863.png
tshirt_865.png,tshirt864_openpose864.png,tshirt864_densepose864.png,tshirt864_densepose864.png,tshirt864_openpose864.png
tshirt_866.png,tshirt865_openpose865.png,tshirt865_densepose865.png,tshirt865_densepose865.png,tshirt865_openpose865.png
tshirt_867.png,tshirt866_openpose866.png,tshirt866_densepose866.png,tshirt866_densepose866.png,tshirt866_openpose866.png
tshirt_868.png,tshirt867_openpose867.png,tshirt867_densepose867.png,tshirt867_densepose867.png,tshirt867_openpose867.png
tshirt_869.png,tshirt868_openpose868.png,tshirt868_densepose868.png,tshirt868_densepose868.png,tshirt868_openpose868.png
tshirt_870.png,tshirt869_openpose869.png,tshirt869_densepose869.png,tshirt869_densepose869.png,tshirt869_openpose869.png
tshirt_871.png,tshirt870_openpose870.png,tshirt870_densepose870.png,tshirt870_densepose870.png,tshirt870_openpose870.png
tshirt_872.png,tshirt871_openpose871.png,tshirt871_densepose871.png,tshirt871_densepose871.png,tshirt871_openpose871.png
tshirt_873.png,tshirt872_openpose872.png,tshirt872_densepose872.png,tshirt872_densepose872.png,tshirt872_openpose872.png
tshirt_874.png,tshirt873_openpose873.png,tshirt873_densepose873.png,tshirt873_densepose873.png,tshirt873_openpose873.png
tshirt_875.png,tshirt874_openpose874.png,tshirt874_densepose874.png,tshirt874_densepose874.png,tshirt874_openpose874.png
tshirt_876.png,tshirt875_openpose875.png,tshirt875_densepose875.png,tshirt875_densepose875.png,tshirt875_openpose875.png
tshirt_877.png,tshirt876_openpose876.png,tshirt876_densepose876.png,tshirt876_densepose876.png,tshirt876_openpose876.png
tshirt_878.png,tshirt877_openpose877.png,tshirt877_densepose877.png,tshirt877_densepose877.png,tshirt877_openpose877.png
tshirt_879.png,tshirt878_openpose878.png,tshirt878_densepose878.png,tshirt878_densepose878.png,tshirt878_openpose878.png
tshirt_880.png,tshirt879_openpose879.png,tshirt879_densepose879.png,tshirt879_densepose879.png,tshirt879_openpose879.png
tshirt_881.png,tshirt880_openpose880.png,tshirt880_densepose880.png,tshirt880_densepose880.png,tshirt880_openpose880.png
tshirt_882.png,tshirt881_openpose881.png,tshirt881_densepose881.png,tshirt881_densepose881.png,tshirt881_openpose881.png
tshirt_883.png,tshirt882_openpose882.png,tshirt882_densepose882.png,tshirt882_densepose882.png,tshirt882_openpose882.png
tshirt_884.png,tshirt883_openpose883.png,tshirt883_densepose883.png,tshirt883_densepose883.png,tshirt883_openpose883.png
tshirt_885.png,tshirt884_openpose884.png,tshirt884_densepose884.png,tshirt884_densepose884.png,tshirt884_openpose884.png
tshirt_886.png,tshirt885_openpose885.png,tshirt885_densepose885.png,tshirt885_densepose885.png,tshirt885_openpose885.png
tshirt_887.png,tshirt886_openpose886.png,tshirt886_densepose886.png,tshirt886_densepose886.png,tshirt886_openpose886.png
tshirt_888.png,tshirt887_openpose887.png,tshirt887_densepose887.png,tshirt887_densepose887.png,tshirt887_openpose887.png
tshirt_889.png,tshirt888_openpose888.png,tshirt888_densepose888.png,tshirt888_densepose888.png,tshirt888_openpose888.png
tshirt_890.png,tshirt889_openpose889.png,tshirt889_densepose889.png,tshirt889_densepose889.png,tshirt889_openpose889.png
tshirt_891.png,tshirt890_openpose890.png,tshirt890_densepose890.png,tshirt890_densepose890.png,tshirt890_openpose890.png
tshirt_892.png,tshirt891_openpose891.png,tshirt891_densepose891.png,tshirt891_densepose891.png,tshirt891_openpose891.png
tshirt_893.png,tshirt892_openpose892.png,tshirt892_densepose892.png,tshirt892_densepose892.png,tshirt892_openpose892.png
tshirt_894.png,tshirt893_openpose893.png,tshirt893_densepose893.png,tshirt893_densepose893.png,tshirt893_openpose893.png
tshirt_895.png,tshirt894_openpose894.png,tshirt894_densepose894.png,tshirt894_densepose894.png,tshirt894_openpose894.png
tshirt_896.png,tshirt895_openpose895.png,tshirt895_densepose895.png,tshirt895_densepose895.png,tshirt895_openpose895.png
tshirt_897.png,tshirt896_openpose896.png,tshirt896_densepose896.png,tshirt896_densepose896.png,tshirt896_openpose896.png
tshirt_898.png,tshirt897_openpose897.png,tshirt897_densepose897.png,tshirt897_densepose897.png,tshirt897_openpose897.png
tshirt_899.png,tshirt898_openpose898.png,tshirt898_densepose898.png,tshirt898_densepose898.png,tshirt898_openpose898.png
tshirt_900.png,tshirt899_openpose899.png,tshirt899_densepose899.png,tshirt899_densepose899.png,tshirt899_openpose899.png
tshirt_901.png,tshirt900_openpose900.png,tshirt900_densepose900.png,tshirt900_densepose900.png,tshirt900_openpose900.png
tshirt_902.png,tshirt901_openpose901.png,tshirt901_densepose901.png,tshirt901_densepose901.png,tshirt901_openpose901.png
tshirt_903.png,tshirt902_openpose902.png,tshirt902_densepose902.png,tshirt902_densepose902.png,tshirt902_openpose902.png
tshirt_904.png,tshirt903_openpose903.png,tshirt903_densepose903.png,tshirt903_densepose903.png,tshirt903_openpose903.png
tshirt_905.png,tshirt904_openpose904.png,tshirt904_densepose904.png,tshirt904_densepose904.png,tshirt904_openpose904.png
tshirt_906.png,tshirt905_openpose905.png,tshirt905_densepose905.png,tshirt905_densepose905.png,tshirt905_openpose905.png
tshirt_907.png,tshirt906_openpose906.png,tshirt906_densepose906.png,tshirt906_densepose906.png,tshirt906_openpose906.png
tshirt_908.png,tshirt907_openpose907.png,tshirt907_densepose907.png,tshirt907_densepose907.png,tshirt907_openpose907.png
tshirt_909.png,tshirt908_openpose908.png,tshirt908_densepose908.png,tshirt908_densepose908.png,tshirt908_openpose908.png
tshirt_910.png,tshirt909_openpose909.png,tshirt909_densepose909.png,tshirt909_densepose909.png,tshirt909_openpose909.png
tshirt_911.png,tshirt910_openpose910.png,tshirt910_densepose910.png,tshirt910_densepose910.png,tshirt910_openpose910.png
tshirt_912.png,tshirt911_openpose911.png,tshirt911_densepose911.png,tshirt911_densepose911.png,tshirt911_openpose911.png
tshirt_913.png,tshirt912_openpose912.png,tshirt912_densepose912.png,tshirt912_densepose912.png,tshirt912_openpose912.png
tshirt_914.png,tshirt913_openpose913.png,tshirt913_densepose913.png,tshirt913_densepose913.png,tshirt913_openpose913.png
tshirt_915.png,tshirt914_openpose914.png,tshirt914_densepose914.png,tshirt914_densepose914.png,tshirt914_openpose914.png
tshirt_916.png,tshirt915_openpose915.png,tshirt915_densepose915.png,tshirt915_densepose915.png,tshirt915_openpose915.png
tshirt_917.png,tshirt916_openpose916.png,tshirt916_densepose916.png,tshirt916_densepose916.png,tshirt916_openpose916.png
tshirt_918.png,tshirt917_openpose917.png,tshirt917_densepose917.png,tshirt917_densepose917.png,tshirt917_openpose917.png
tshirt_919.png,tshirt918_openpose918.png,tshirt918_densepose918.png,tshirt918_densepose918.png,tshirt918_openpose918.png
tshirt_920.png,tshirt919_openpose919.png,tshirt919_densepose919.png,tshirt919_densepose919.png,tshirt919_openpose919.png
tshirt_921.png,tshirt920_openpose920.png,tshirt920_densepose920.png,tshirt920_densepose920.png,tshirt920_openpose920.png
tshirt_922.png,tshirt921_openpose921.png,tshirt921_densepose921.png,tshirt921_densepose921.png,tshirt921_openpose921.png
tshirt_923.png,tshirt922_openpose922.png,tshirt922_densepose922.png,tshirt922_densepose922.png,tshirt922_openpose922.png
tshirt_924.png,tshirt923_openpose923.png,tshirt923_densepose923.png,tshirt923_densepose923.png,tshirt923_openpose923.png
tshirt_925.png,tshirt924_openpose924.png,tshirt924_densepose924.png,tshirt924_densepose924.png,tshirt924_openpose924.png
tshirt_926.png,tshirt925_openpose925.png,tshirt925_densepose925.png,tshirt925_densepose925.png,tshirt925_openpose925.png
tshirt_927.png,tshirt926_openpose926.png,tshirt926_densepose926.png,tshirt926_densepose926.png,tshirt926_openpose926.png
tshirt_928.png,tshirt927_openpose927.png,tshirt927_densepose927.png,tshirt927_densepose927.png,tshirt927_openpose927.png
tshirt_929.png,tshirt928_openpose928.png,tshirt928_densepose928.png,tshirt928_densepose928.png,tshirt928_openpose928.png
tshirt_930.png,tshirt929_openpose929.png,tshirt929_densepose929.png,tshirt929_densepose929.png,tshirt929_openpose929.png
tshirt_931.png,tshirt930_openpose930.png,tshirt930_densepose930.png,tshirt930_densepose930.png,tshirt930_openpose930.png
tshirt_932.png,tshirt931_openpose931.png,tshirt931_densepose931.png,tshirt931_densepose931.png,tshirt931_openpose931.png
tshirt_933.png,tshirt932_openpose932.png,tshirt932_densepose932.png,tshirt932_densepose932.png,tshirt932_openpose932.png
tshirt_934.png,tshirt933_openpose933.png,tshirt933_densepose933.png,tshirt933_densepose933.png,tshirt933_openpose933.png
tshirt_935.png,tshirt934_openpose934.png,tshirt934_densepose934.png,tshirt934_densepose934.png,tshirt934_openpose934.png
tshirt_936.png,tshirt935_openpose935.png,tshirt935_densepose935.png,tshirt935_densepose935.png,tshirt935_openpose935.png
tshirt_937.png,tshirt936_openpose936.png,tshirt936_densepose936.png,tshirt936_densepose936.png,tshirt936_openpose936.png
tshirt_938.png,tshirt937_openpose937.png,tshirt937_densepose937.png,tshirt937_densepose937.png,tshirt937_openpose937.png
tshirt_939.png,tshirt938_openpose938.png,tshirt938_densepose938.png,tshirt938_densepose938.png,tshirt938_openpose938.png
tshirt_940.png,tshirt939_openpose939.png,tshirt939_densepose939.png,tshirt939_densepose939.png,tshirt939_openpose939.png
tshirt_941.png,tshirt940_openpose940.png,tshirt940_densepose940.png,tshirt940_densepose940.png,tshirt940_openpose940.png
tshirt_942.png,tshirt941_openpose941.png,tshirt941_densepose941.png,tshirt941_densepose941.png,tshirt941_openpose941.png
tshirt_943.png,tshirt942_openpose942.png,tshirt942_densepose942.png,tshirt942_densepose942.png,tshirt942_openpose942.png
tshirt_944.png,tshirt943_openpose943.png,tshirt943_densepose943.png,tshirt943_densepose943.png,tshirt943_openpose943.png
tshirt_945.png,tshirt944_openpose944.png,tshirt944_densepose944.png,tshirt944_densepose944.png,tshirt944_openpose944.png
tshirt_946.png,tshirt945_openpose945.png,tshirt945_densepose945.png,tshirt945_densepose945.png,tshirt945_openpose945.png
tshirt_947.png,tshirt946_openpose946.png,tshirt946_densepose946.png,tshirt946_densepose946.png,tshirt946_openpose946.png
tshirt_948.png,tshirt947_openpose947.png,tshirt947_densepose947.png,tshirt947_densepose947.png,tshirt947_openpose947.png
tshirt_949.png,tshirt948_openpose948.png,tshirt948_densepose948.png,tshirt948_densepose948.png,tshirt948_openpose948.png
tshirt_950.png,tshirt949_openpose949.png,tshirt949_densepose949.png,tshirt949_densepose949.png,tshirt949_openpose949.png
tshirt_951.png,tshirt950_openpose950.png,tshirt950_densepose950.png,tshirt950_densepose950.png,tshirt950_openpose950.png
tshirt_952.png,tshirt951_openpose951.png,tshirt951_densepose951.png,tshirt951_densepose951.png,tshirt951_openpose951.png
tshirt_953.png,tshirt952_openpose952.png,tshirt952_densepose952.png,tshirt952_densepose952.png,tshirt952_openpose952.png
tshirt_954.png,tshirt953_openpose953.png,tshirt953_densepose953.png,tshirt953_densepose953.png,tshirt953_openpose953.png
tshirt_955.png,tshirt954_openpose954.png,tshirt954_densepose954.png,tshirt954_densepose954.png,tshirt954_openpose954.png
tshirt_956.png,tshirt955_openpose955.png,tshirt955_densepose955.png,tshirt955_densepose955.png,tshirt955_openpose955.png
tshirt_957.png,tshirt956_openpose956.png,tshirt956_densepose956.png,tshirt956_densepose956.png,tshirt956_openpose956.png
tshirt_958.png,tshirt957_openpose957.png,tshirt957_densepose957.png,tshirt957_densepose957.png,tshirt957_openpose957.png
tshirt_959.png,tshirt958_openpose958.png,tshirt958_densepose958.png,tshirt958_densepose958.png,tshirt958_openpose958.png
tshirt_960.png,tshirt959_openpose959.png,tshirt959_densepose959.png,tshirt959_densepose959.png,tshirt959_openpose959.png
tshirt_961.png,tshirt960_openpose960.png,tshirt960_densepose960.png,tshirt960_densepose960.png,tshirt960_openpose960.png
tshirt_962.png,tshirt961_openpose961.png,tshirt961_densepose961.png,tshirt961_densepose961.png,tshirt961_openpose961.png
tshirt_963.png,tshirt962_openpose962.png,tshirt962_densepose962.png,tshirt962_densepose962.png,tshirt962_openpose962.png
tshirt_964.png,tshirt963_openpose963.png,tshirt963_densepose963.png,tshirt963_densepose963.png,tshirt963_openpose963.png
tshirt_965.png,tshirt964_openpose964.png,tshirt964_densepose964.png,tshirt964_densepose964.png,tshirt964_openpose964.png
tshirt_966.png,tshirt965_openpose965.png,tshirt965_densepose965.png,tshirt965_densepose965.png,tshirt965_openpose965.png
tshirt_967.png,tshirt966_openpose966.png,tshirt966_densepose966.png,tshirt966_densepose966.png,tshirt966_openpose966.png
tshirt_968.png,tshirt967_openpose967.png,tshirt967_densepose967.png,tshirt967_densepose967.png,tshirt967_openpose967.png
tshirt_969.png,tshirt968_openpose968.png,tshirt968_densepose968.png,tshirt968_densepose968.png,tshirt968_openpose968.png
tshirt_970.png,tshirt969_openpose969.png,tshirt969_densepose969.png,tshirt969_densepose969.png,tshirt969_openpose969.png
tshirt_971.png,tshirt970_openpose970.png,tshirt970_densepose970.png,tshirt970_densepose970.png,tshirt970_openpose970.png
tshirt_972.png,tshirt971_openpose971.png,tshirt971_densepose971.png,tshirt971_densepose971.png,tshirt971_openpose971.png
tshirt_973.png,tshirt972_openpose972.png,tshirt972_densepose972.png,tshirt972_densepose972.png,tshirt972_openpose972.png
tshirt_974.png,tshirt973_openpose973.png,tshirt973_densepose973.png,tshirt973_densepose973.png,tshirt973_openpose973.png
tshirt_975.png,tshirt974_openpose974.png,tshirt974_densepose974.png,tshirt974_densepose974.png,tshirt974_openpose974.png
tshirt_976.png,tshirt975_openpose975.png,tshirt975_densepose975.png,tshirt975_densepose975.png,tshirt975_openpose975.png
tshirt_977.png,tshirt976_openpose976.png,tshirt976_densepose976.png,tshirt976_densepose976.png,tshirt976_openpose976.png
tshirt_978.png,tshirt977_openpose977.png,tshirt977_densepose977.png,tshirt977_densepose977.png,tshirt977_openpose977.png
tshirt_979.png,tshirt978_openpose978.png,tshirt978_densepose978.png,tshirt978_densepose978.png,tshirt978_openpose978.png
tshirt_980.png,tshirt979_openpose979.png,tshirt979_densepose979.png,tshirt979_densepose979.png,tshirt979_openpose979.png
tshirt_981.png,tshirt980_openpose980.png,tshirt980_densepose980.png,tshirt980_densepose980.png,tshirt980_openpose980.png
tshirt_982.png,tshirt981_openpose981.png,tshirt981_densepose981.png,tshirt981_densepose981.png,tshirt981_openpose981.png
tshirt_983.png,tshirt982_openpose982.png,tshirt982_densepose982.png,tshirt982_densepose982.png,tshirt982_openpose982.png
tshirt_984.png,tshirt983_openpose983.png,tshirt983_densepose983.png,tshirt983_densepose983.png,tshirt983_openpose983.png
tshirt_985.png,tshirt984_openpose984.png,tshirt984_densepose984.png,tshirt984_densepose984.png,tshirt984_openpose984.png
tshirt_986.png,tshirt985_openpose985.png,tshirt985_densepose985.png,tshirt985_densepose985.png,tshirt985_openpose985.png
tshirt_987.png,tshirt986_openpose986.png,tshirt986_densepose986.png,tshirt986_densepose986.png,tshirt986_openpose986.png
tshirt_988.png,tshirt987_openpose987.png,tshirt987_densepose987.png,tshirt987_densepose987.png,tshirt987_openpose987.png
tshirt_989.png,tshirt988_openpose988.png,tshirt988_densepose988.png,tshirt988_densepose988.png,tshirt988_openpose988.png
tshirt_990.png,tshirt989_openpose989.png,tshirt989_densepose989.png,tshirt989_densepose989.png,tshirt989_openpose989.png
tshirt_991.png,tshirt990_openpose990.png,tshirt990_densepose990.png,tshirt990_densepose990.png,tshirt990_openpose990.png
tshirt_992.png,tshirt991_openpose991.png,tshirt991_densepose991.png,tshirt991_densepose991.png,tshirt991_openpose991.png
tshirt_993.png,tshirt992_openpose992.png,tshirt992_densepose992.png,tshirt992_densepose992.png,tshirt992_openpose992.png
tshirt_994.png,tshirt993_openpose993.png,tshirt993_densepose993.png,tshirt993_densepose993.png,tshirt993_openpose993.png
tshirt_995.png,tshirt994_openpose994.png,tshirt994_densepose994.png,tshirt994_densepose994.png,tshirt994_openpose994.png
tshirt_996.png,tshirt995_openpose995.png,tshirt995_densepose995.png,tshirt995_densepose995.png,tshirt995_openpose995.png
tshirt_997.png,tshirt996_openpose996.png,tshirt996_densepose996.png,tshirt996_densepose996.png,tshirt996_openpose996.png
tshirt_998.png,tshirt997_openpose997.png,tshirt997_densepose997.png,tshirt997_densepose997.png,tshirt997_openpose997.png
tshirt_999.png,tshirt998_openpose998.png,tshirt998_densepose998.png,tshirt998_densepose998.png,tshirt998_openpose998.png
tshirt_1000.png,tshirt999_openpose999.png,tshirt999_densepose999.png,tshirt999_densepose999.png,tshirt999_openpose999.png
tshirt_1001.png,tshirt1000_openpose1000.png,tshirt1000_densepose1000.png,tshirt1000_densepose1000.png,tshirt1000_openpose1000.png
tshirt_1002.png,tshirt1001_openpose1001.png,tshirt1001_densepose1001.png,tshirt1001_densepose1001.png,tshirt1001_openpose1001.png
tshirt_1003.png,tshirt1002_openpose1002.png,tshirt1002_densepose1002.png,tshirt1002_densepose1002.png,tshirt1002_openpose1002.png
tshirt_1004.png,tshirt1003_openpose1003.png,tshirt1003_densepose1003.png,tshirt1003_densepose1003.png,tshirt1003_openpose1003.png
tshirt_1005.png,tshirt1004_openpose1004.png,tshirt1004_densepose1004.png,tshirt1004_densepose1004.png,tshirt1004_openpose1004.png
tshirt_1006.png,tshirt1005_openpose1005.png,tshirt1005_densepose1005.png,tshirt1005_densepose1005.png,tshirt1005_openpose1005.png
tshirt_1007.png,tshirt1006_openpose1006.png,tshirt1006_densepose1006.png,tshirt1006_densepose1006.png,tshirt1006_openpose1006.png
tshirt_1008.png,tshirt1007_openpose1007.png,tshirt1007_densepose1007.png,tshirt1007_densepose1007.png,tshirt1007_openpose1007.png
tshirt_1009.png,tshirt1008_openpose1008.png,tshirt1008_densepose1008.png,tshirt1008_densepose1008.png,tshirt1008_openpose1008.png
tshirt_1010.png,tshirt1009_openpose1009.png,tshirt1009_densepose1009.png,tshirt1009_densepose1009.png,tshirt1009_openpose1009.png
tshirt_1011.png,tshirt1010_openpose1010.png,tshirt1010_densepose1010.png,tshirt1010_densepose1010.png,tshirt1010_openpose1010.png
tshirt_1012.png,tshirt1011_openpose1011.png,tshirt1011_densepose1011.png,tshirt1011_densepose1011.png,tshirt1011_openpose1011.png
tshirt_1013.png,tshirt1012_openpose1012.png,tshirt1012_densepose1012.png,tshirt1012_densepose1012.png,tshirt1012_openpose1012.png
tshirt_1014.png,tshirt1013_openpose1013.png,tshirt1013_densepose1013.png,tshirt1013_densepose1013.png,tshirt1013_openpose1013.png
tshirt_1015.png,tshirt1014_openpose1014.png,tshirt1014_densepose1014.png,tshirt1014_densepose1014.png,tshirt1014_openpose1014.png
tshirt_1016.png,tshirt1015_openpose1015.png,tshirt1015_densepose1015.png,tshirt1015_densepose1015.png,tshirt1015_openpose1015.png
tshirt_1017.png,tshirt1016_openpose1016.png,tshirt1016_densepose1016.png,tshirt1016_densepose1016.png,tshirt1016_openpose1016.png
tshirt_1018.png,tshirt1017_openpose1017.png,tshirt1017_densepose1017.png,tshirt1017_densepose1017.png,tshirt1017_openpose1017.png
tshirt_1019.png,tshirt1018_openpose1018.png,tshirt1018_densepose1018.png,tshirt1018_densepose1018.png,tshirt1018_openpose1018.png
tshirt_1020.png,tshirt1019_openpose1019.png,tshirt1019_densepose1019.png,tshirt1019_densepose1019.png,tshirt1019_openpose1019.png
tshirt_1021.png,tshirt1020_openpose1020.png,tshirt1020_densepose1020.png,tshirt1020_densepose1020.png,tshirt1020_openpose1020.png
tshirt_1022.png,tshirt1021_openpose1021.png,tshirt1021_densepose1021.png,tshirt1021_densepose1021.png,tshirt1021_openpose1021.png
tshirt_1023.png,tshirt1022_openpose1022.png,tshirt1022_densepose1022.png,tshirt1022_densepose1022.png,tshirt1022_openpose1022.png
tshirt_1024.png,tshirt1023_openpose1023.png,tshirt1023_densepose1023.png,tshirt1023_densepose1023.png,tshirt1023_openpose1023.png
tshirt_1025.png,tshirt1024_openpose1024.png,tshirt1024_densepose1024.png,tshirt1024_densepose1024.png,tshirt1024_openpose1024.png
tshirt_1026.png,tshirt1025_openpose1025.png,tshirt1025_densepose1025.png,tshirt1025_densepose1025.png,tshirt1025_openpose1025.png
tshirt_1027.png,tshirt1026_openpose1026.png,tshirt1026_densepose1026.png,tshirt1026_densepose1026.png,tshirt1026_openpose1026.png
tshirt_1028.png,tshirt1027_openpose1027.png,tshirt1027_densepose1027.png,tshirt1027_densepose1027.png,tshirt1027_openpose1027.png
tshirt_1029.png,tshirt1028_openpose1028.png,tshirt1028_densepose1028.png,tshirt1028_densepose1028.png,tshirt1028_openpose1028.png
tshirt_1030.png,tshirt1029_openpose1029.png,tshirt1029_densepose1029.png,tshirt1029_densepose1029.png,tshirt1029_openpose1029.png
tshirt_1031.png,tshirt1030_openpose1030.png,tshirt1030_densepose1030.png,tshirt1030_densepose1030.png,tshirt1030_openpose1030.png
tshirt_1032.png,tshirt1031_openpose1031.png,tshirt1031_densepose1031.png,tshirt1031_densepose1031.png,tshirt1031_openpose1031.png
tshirt_1033.png,tshirt1032_openpose1032.png,tshirt1032_densepose1032.png,tshirt1032_densepose1032.png,tshirt1032_openpose1032.png
tshirt_1034.png,tshirt1033_openpose1033.png,tshirt1033_densepose1033.png,tshirt1033_densepose1033.png,tshirt1033_openpose1033.png
tshirt_1035.png,tshirt1034_openpose1034.png,tshirt1034_densepose1034.png,tshirt1034_densepose1034.png,tshirt1034_openpose1034.png
tshirt_1036.png,tshirt1035_openpose1035.png,tshirt1035_densepose1035.png,tshirt1035_densepose1035.png,tshirt1035_openpose1035.png
tshirt_1037.png,tshirt1036_openpose1036.png,tshirt1036_densepose1036.png,tshirt1036_densepose1036.png,tshirt1036_openpose1036.png
tshirt_1038.png,tshirt1037_openpose1037.png,tshirt1037_densepose1037.png,tshirt1037_densepose1037.png,tshirt1037_openpose1037.png
tshirt_1039.png,tshirt1038_openpose1038.png,tshirt1038_densepose1038.png,tshirt1038_densepose1038.png,tshirt1038_openpose1038.png
tshirt_1040.png,tshirt1039_openpose1039.png,tshirt1039_densepose1039.png,tshirt1039_densepose1039.png,tshirt1039_openpose1039.png
tshirt_1041.png,tshirt1040_openpose1040.png,tshirt1040_densepose1040.png,tshirt1040_densepose1040.png,tshirt1040_openpose1040.png
tshirt_1042.png,tshirt1041_openpose1041.png,tshirt1041_densepose1041.png,tshirt1041_densepose1041.png,tshirt1041_openpose1041.png
tshirt_1043.png,tshirt1042_openpose1042.png,tshirt1042_densepose1042.png,tshirt1042_densepose1042.png,tshirt1042_openpose1042.png
tshirt_1044.png,tshirt1043_openpose1043.png,tshirt1043_densepose1043.png,tshirt1043_densepose1043.png,tshirt1043_openpose1043.png
tshirt_1045.png,tshirt1044_openpose1044.png,tshirt1044_densepose1044.png,tshirt1044_densepose1044.png,tshirt1044_openpose1044.png
tshirt_1046.png,tshirt1045_openpose1045.png,tshirt1045_densepose1045.png,tshirt1045_densepose1045.png,tshirt1045_openpose1045.png
tshirt_1047.png,tshirt1046_openpose1046.png,tshirt1046_densepose1046.png,tshirt1046_densepose1046.png,tshirt1046_openpose1046.png
tshirt_1048.png,tshirt1047_openpose1047.png,tshirt1047_densepose1047.png,tshirt1047_densepose1047.png,tshirt1047_openpose1047.png
tshirt_1049.png,tshirt1048_openpose1048.png,tshirt1048_densepose1048.png,tshirt1048_densepose1048.png,tshirt1048_openpose1048.png
tshirt_1050.png,tshirt1049_openpose1049.png,tshirt1049_densepose1049.png,tshirt1049_densepose1049.png,tshirt1049_openpose1049.png
tshirt_1051.png,tshirt1050_openpose1050.png,tshirt1050_densepose1050.png,tshirt1050_densepose1050.png,tshirt1050_openpose1050.png
tshirt_1052.png,tshirt1051_openpose1051.png,tshirt1051_densepose1051.png,tshirt1051_densepose1051.png,tshirt1051_openpose1051.png
tshirt_1053.png,tshirt1052_openpose1052.png,tshirt1052_densepose1052.png,tshirt1052_densepose1052.png,tshirt1052_openpose1052.png
tshirt_1054.png,tshirt1053_openpose1053.png,tshirt1053_densepose1053.png,tshirt1053_densepose1053.png,tshirt1053_openpose1053.png
tshirt_1055.png,tshirt1054_openpose1054.png,tshirt1054_densepose1054.png,tshirt1054_densepose1054.png,tshirt1054_openpose1054.png
tshirt_1056.png,tshirt1055_openpose1055.png,tshirt1055_densepose1055.png,tshirt1055_densepose1055.png,tshirt1055_openpose1055.png
tshirt_1057.png,tshirt1056_openpose1056.png,tshirt1056_densepose1056.png,tshirt1056_densepose1056.png,tshirt1056_openpose1056.png
tshirt_1058.png,tshirt1057_openpose1057.png,tshirt1057_densepose1057.png,tshirt1057_densepose1057.png,tshirt1057_openpose1057.png
tshirt_1059.png,tshirt1058_openpose1058.png,tshirt1058_densepose1058.png,tshirt1058_densepose1058.png,tshirt1058_openpose1058.png
tshirt_1060.png,tshirt1059_openpose1059.png,tshirt1059_densepose1059.png,tshirt1059_densepose1059.png,tshirt1059_openpose1059.png
tshirt_1061.png,tshirt1060_openpose1060.png,tshirt1060_densepose1060.png,tshirt1060_densepose1060.png,tshirt1060_openpose1060.png
tshirt_1062.png,tshirt1061_openpose1061.png,tshirt1061_densepose1061.png,tshirt1061_densepose1061.png,tshirt1061_openpose1061.png
tshirt_1063.png,tshirt1062_openpose1062.png,tshirt1062_densepose1062.png,tshirt1062_densepose1062.png,tshirt1062_openpose1062.png
tshirt_1064.png,tshirt1063_openpose1063.png,tshirt1063_densepose1063.png,tshirt1063_densepose1063.png,tshirt1063_openpose1063.png
tshirt_1065.png,tshirt1064_openpose1064.png,tshirt1064_densepose1064.png,tshirt1064_densepose1064.png,tshirt1064_openpose1064.png
tshirt_1066.png,tshirt1065_openpose1065.png,tshirt1065_densepose1065.png,tshirt1065_densepose1065.png,tshirt1065_openpose1065.png
tshirt_1067.png,tshirt1066_openpose1066.png,tshirt1066_densepose1066.png,tshirt1066_densepose1066.png,tshirt1066_openpose1066.png
tshirt_1068.png,tshirt1067_openpose1067.png,tshirt1067_densepose1067.png,tshirt1067_densepose1067.png,tshirt1067_openpose1067.png
tshirt_1069.png,tshirt1068_openpose1068.png,tshirt1068_densepose1068.png,tshirt1068_densepose1068.png,tshirt1068_openpose1068.png
tshirt_1070.png,tshirt1069_openpose1069.png,tshirt1069_densepose1069.png,tshirt1069_densepose1069.png,tshirt1069_openpose1069.png
tshirt_1071.png,tshirt1070_openpose1070.png,tshirt1070_densepose1070.png,tshirt1070_densepose1070.png,tshirt1070_openpose1070.png
tshirt_1072.png,tshirt1071_openpose1071.png,tshirt1071_densepose1071.png,tshirt1071_densepose1071.png,tshirt1071_openpose1071.png
tshirt_1073.png,tshirt1072_openpose1072.png,tshirt1072_densepose1072.png,tshirt1072_densepose1072.png,tshirt1072_openpose1072.png
tshirt_1074.png,tshirt1073_openpose1073.png,tshirt1073_densepose1073.png,tshirt1073_densepose1073.png,tshirt1073_openpose1073.png
tshirt_1075.png,tshirt1074_openpose1074.png,tshirt1074_densepose1074.png,tshirt1074_densepose1074.png,tshirt1074_openpose1074.png
tshirt_1076.png,tshirt1075_openpose1075.png,tshirt1075_densepose1075.png,tshirt1075_densepose1075.png,tshirt1075_openpose1075.png
tshirt_1077.png,tshirt1076_openpose1076.png,tshirt1076_densepose1076.png,tshirt1076_densepose1076.png,tshirt1076_openpose1076.png
tshirt_1078.png,tshirt1077_openpose1077.png,tshirt1077_densepose1077.png,tshirt1077_densepose1077.png,tshirt1077_openpose1077.png
tshirt_1079.png,tshirt1078_openpose1078.png,tshirt1078_densepose1078.png,tshirt1078_densepose1078.png,tshirt1078_openpose1078.png
tshirt_1080.png,tshirt1079_openpose1079.png,tshirt1079_densepose1079.png,tshirt1079_densepose1079.png,tshirt1079_openpose1079.png
tshirt_1081.png,tshirt1080_openpose1080.png,tshirt1080_densepose1080.png,tshirt1080_densepose1080.png,tshirt1080_openpose1080.png
tshirt_1082.png,tshirt1081_openpose1081.png,tshirt1081_densepose1081.png,tshirt1081_densepose1081.png,tshirt1081_openpose1081.png
tshirt_1083.png,tshirt1082_openpose1082.png,tshirt1082_densepose1082.png,tshirt1082_densepose1082.png,tshirt1082_openpose1082.png
tshirt_1084.png,tshirt1083_openpose1083.png,tshirt1083_densepose1083.png,tshirt1083_densepose1083.png,tshirt1083_openpose1083.png
tshirt_1085.png,tshirt1084_openpose1084.png,tshirt1084_densepose1084.png,tshirt1084_densepose1084.png,tshirt1084_openpose1084.png
tshirt_1086.png,tshirt1085_openpose1085.png,tshirt1085_densepose1085.png,tshirt1085_densepose1085.png,tshirt1085_openpose1085.png
tshirt_1087.png,tshirt1086_openpose1086.png,tshirt1086_densepose1086.png,tshirt1086_densepose1086.png,tshirt1086_openpose1086.png
tshirt_1088.png,tshirt1087_openpose1087.png,tshirt1087_densepose1087.png,tshirt1087_densepose1087.png,tshirt1087_openpose1087.png
tshirt_1089.png,tshirt1088_openpose1088.png,tshirt1088_densepose1088.png,tshirt1088_densepose1088.png,tshirt1088_openpose1088.png
tshirt_1090.png,tshirt1089_openpose1089.png,tshirt1089_densepose1089.png,tshirt1089_densepose1089.png,tshirt1089_openpose1089.png
tshirt_1091.png,tshirt1090_openpose1090.png,tshirt1090_densepose1090.png,tshirt1090_densepose1090.png,tshirt1090_openpose1090.png
tshirt_1092.png,tshirt1091_openpose1091.png,tshirt1091_densepose1091.png,tshirt1091_densepose1091.png,tshirt1091_openpose1091.png
tshirt_1093.png,tshirt1092_openpose1092.png,tshirt1092_densepose1092.png,tshirt1092_densepose1092.png,tshirt1092_openpose1092.png
tshirt_1094.png,tshirt1093_openpose1093.png,tshirt1093_densepose1093.png,tshirt1093_densepose1093.png,tshirt1093_openpose1093.png
tshirt_1095.png,tshirt1094_openpose1094.png,tshirt1094_densepose1094.png,tshirt1094_densepose1094.png,tshirt1094_openpose1094.png
tshirt_1096.png,tshirt1095_openpose1095.png,tshirt1095_densepose1095.png,tshirt1095_densepose1095.png,tshirt1095_openpose1095.png
tshirt_1097.png,tshirt1096_openpose1096.png,tshirt1096_densepose1096.png,tshirt1096_densepose1096.png,tshirt1096_openpose1096.png
tshirt_1098.png,tshirt1097_openpose1097.png,tshirt1097_densepose1097.png,tshirt1097_densepose1097.png,tshirt1097_openpose1097.png
tshirt_1099.png,tshirt1098_openpose1098.png,tshirt1098_densepose1098.png,tshirt1098_densepose1098.png,tshirt1098_openpose1098.png
tshirt_1100.png,tshirt1099_openpose1099.png,tshirt1099_densepose1099.png,tshirt1099_densepose1099.png,tshirt1099_openpose1099.png
tshirt_1101.png,tshirt1100_openpose1100.png,tshirt1100_densepose1100.png,tshirt1100_densepose1100.png,tshirt1100_openpose1100.png
tshirt_1102.png,tshirt1101_openpose1101.png,tshirt1101_densepose1101.png,tshirt1101_densepose1101.png,tshirt1101_openpose1101.png
tshirt_1103.png,tshirt1102_openpose1102.png,tshirt1102_densepose1102.png,tshirt1102_densepose1102.png,tshirt1102_openpose1102.png
tshirt_1104.png,tshirt1103_openpose1103.png,tshirt1103_densepose1103.png,tshirt1103_densepose1103.png,tshirt1103_openpose1103.png
tshirt_1105.png,tshirt1104_openpose1104.png,tshirt1104_densepose1104.png,tshirt1104_densepose1104.png,tshirt1104_openpose1104.png
tshirt_1106.png,tshirt1105_openpose1105.png,tshirt1105_densepose1105.png,tshirt1105_densepose1105.png,tshirt1105_openpose1105.png
tshirt_1107.png,tshirt1106_openpose1106.png,tshirt1106_densepose1106.png,tshirt1106_densepose1106.png,tshirt1106_openpose1106.png
tshirt_1108.png,tshirt1107_openpose1107.png,tshirt1107_densepose1107.png,tshirt1107_densepose1107.png,tshirt1107_openpose1107.png
tshirt_1109.png,tshirt1108_openpose1108.png,tshirt1108_densepose1108.png,tshirt1108_densepose1108.png,tshirt1108_openpose1108.png
tshirt_1110.png,tshirt1109_openpose1109.png,tshirt1109_densepose1109.png,tshirt1109_densepose1109.png,tshirt1109_openpose1109.png
tshirt_1111.png,tshirt1110_openpose1110.png,tshirt1110_densepose1110.png,tshirt1110_densepose1110.png,tshirt1110_openpose1110.png
tshirt_1112.png,tshirt1111_openpose1111.png,tshirt1111_densepose1111.png,tshirt1111_densepose1111.png,tshirt1111_openpose1111.png
tshirt_1113.png,tshirt1112_openpose1112.png,tshirt1112_densepose1112.png,tshirt1112_densepose1112.png,tshirt1112_openpose1112.png
tshirt_1114.png,tshirt1113_openpose1113.png,tshirt1113_densepose1113.png,tshirt1113_densepose1113.png,tshirt1113_openpose1113.png
tshirt_1115.png,tshirt1114_openpose1114.png,tshirt1114_densepose1114.png,tshirt1114_densepose1114.png,tshirt1114_openpose1114.png
tshirt_1116.png,tshirt1115_openpose1115.png,tshirt1115_densepose1115.png,tshirt1115_densepose1115.png,tshirt1115_openpose1115.png
tshirt_1117.png,tshirt1116_openpose1116.png,tshirt1116_densepose1116.png,tshirt1116_densepose1116.png,tshirt1116_openpose1116.png
tshirt_1118.png,tshirt1117_openpose1117.png,tshirt1117_densepose1117.png,tshirt1117_densepose1117.png,tshirt1117_openpose1117.png
tshirt_1119.png,tshirt1118_openpose1118.png,tshirt1118_densepose1118.png,tshirt1118_densepose1118.png,tshirt1118_openpose1118.png
tshirt_1120.png,tshirt1119_openpose1119.png,tshirt1119_densepose1119.png,tshirt1119_densepose1119.png,tshirt1119_openpose1119.png
tshirt_1121.png,tshirt1120_openpose1120.png,tshirt1120_densepose1120.png,tshirt1120_densepose1120.png,tshirt1120_openpose1120.png
tshirt_1122.png,tshirt1121_openpose1121.png,tshirt1121_densepose1121.png,tshirt1121_densepose1121.png,tshirt1121_openpose1121.png
tshirt_1123.png,tshirt1122_openpose1122.png,tshirt1122_densepose1122.png,tshirt1122_densepose1122.png,tshirt1122_openpose1122.png
tshirt_1124.png,tshirt1123_openpose1123.png,tshirt1123_densepose1123.png,tshirt1123_densepose1123.png,tshirt1123_openpose1123.png
tshirt_1125.png,tshirt1124_openpose1124.png,tshirt1124_densepose1124.png,tshirt1124_densepose1124.png,tshirt1124_openpose1124.png
tshirt_1126.png,tshirt1125_openpose1125.png,tshirt1125_densepose1125.png,tshirt1125_densepose1125.png,tshirt1125_openpose1125.png
tshirt_1127.png,tshirt1126_openpose1126.png,tshirt1126_densepose1126.png,tshirt1126_densepose1126.png,tshirt1126_openpose1126.png
tshirt_1128.png,tshirt1127_openpose1127.png,tshirt1127_densepose1127.png,tshirt1127_densepose1127.png,tshirt1127_openpose1127.png
tshirt_1129.png,tshirt1128_openpose1128.png,tshirt1128_densepose1128.png,tshirt1128_densepose1128.png,tshirt1128_openpose1128.png
tshirt_1130.png,tshirt1129_openpose1129.png,tshirt1129_densepose1129.png,tshirt1129_densepose1129.png,tshirt1129_openpose1129.png
tshirt_1131.png,tshirt1130_openpose1130.png,tshirt1130_densepose1130.png,tshirt1130_densepose1130.png,tshirt1130_openpose1130.png
tshirt_1132.png,tshirt1131_openpose1131.png,tshirt1131_densepose1131.png,tshirt1131_densepose1131.png,tshirt1131_openpose1131.png
tshirt_1133.png,tshirt1132_openpose1132.png,tshirt1132_densepose1132.png,tshirt1132_densepose1132.png,tshirt1132_openpose1132.png
tshirt_1134.png,tshirt1133_openpose1133.png,tshirt1133_densepose1133.png,tshirt1133_densepose1133.png,tshirt1133_openpose1133.png
tshirt_1135.png,tshirt1134_openpose1134.png,tshirt1134_densepose1134.png,tshirt1134_densepose1134.png,tshirt1134_openpose1134.png
tshirt_1136.png,tshirt1135_openpose1135.png,tshirt1135_densepose1135.png,tshirt1135_densepose1135.png,tshirt1135_openpose1135.png
tshirt_1137.png,tshirt1136_openpose1136.png,tshirt1136_densepose1136.png,tshirt1136_densepose1136.png,tshirt1136_openpose1136.png
tshirt_1138.png,tshirt1137_openpose1137.png,tshirt1137_densepose1137.png,tshirt1137_densepose1137.png,tshirt1137_openpose1137.png
tshirt_1139.png,tshirt1138_openpose1138.png,tshirt1138_densepose1138.png,tshirt1138_densepose1138.png,tshirt1138_openpose1138.png
tshirt_1140.png,tshirt1139_openpose1139.png,tshirt1139_densepose1139.png,tshirt1139_densepose1139.png,tshirt1139_openpose1139.png
tshirt_1141.png,tshirt1140_openpose1140.png,tshirt1140_densepose1140.png,tshirt1140_densepose1140.png,tshirt1140_openpose1140.png
tshirt_1142.png,tshirt1141_openpose1141.png,tshirt1141_densepose1141.png,tshirt1141_densepose1141.png,tshirt1141_openpose1141.png
tshirt_1143.png,tshirt1142_openpose1142.png,tshirt1142_densepose1142.png,tshirt1142_densepose1142.png,tshirt1142_openpose1142.png
tshirt_1144.png,tshirt1143_openpose1143.png,tshirt1143_densepose1143.png,tshirt1143_densepose1143.png,tshirt1143_openpose1143.png
tshirt_1145.png,tshirt1144_openpose1144.png,tshirt1144_densepose1144.png,tshirt1144_densepose1144.png,tshirt1144_openpose1144.png
tshirt_1146.png,tshirt1145_openpose1145.png,tshirt1145_densepose1145.png,tshirt1145_densepose1145.png,tshirt1145_openpose1145.png
tshirt_1147.png,tshirt1146_openpose1146.png,tshirt1146_densepose1146.png,tshirt1146_densepose1146.png,tshirt1146_openpose1146.png
tshirt_1148.png,tshirt1147_openpose1147.png,tshirt1147_densepose1147.png,tshirt1147_densepose1147.png,tshirt1147_openpose1147.png
tshirt_1149.png,tshirt1148_openpose1148.png,tshirt1148_densepose1148.png,tshirt1148_densepose1148.png,tshirt1148_openpose1148.png
tshirt_1150.png,tshirt1149_openpose1149.png,tshirt1149_densepose1149.png,tshirt1149_densepose1149.png,tshirt1149_openpose1149.png
tshirt_1151.png,tshirt1150_openpose1150.png,tshirt1150_densepose1150.png,tshirt1150_densepose1150.png,tshirt1150_openpose1150.png
tshirt_1152.png,tshirt1151_openpose1151.png,tshirt1151_densepose1151.png,tshirt1151_densepose1151.png,tshirt1151_openpose1151.png
tshirt_1153.png,tshirt1152_openpose1152.png,tshirt1152_densepose1152.png,tshirt1152_densepose1152.png,tshirt1152_openpose1152.png
tshirt_1154.png,tshirt1153_openpose1153.png,tshirt1153_densepose1153.png,tshirt1153_densepose1153.png,tshirt1153_openpose1153.png
tshirt_1155.png,tshirt1154_openpose1154.png,tshirt1154_densepose1154.png,tshirt1154_densepose1154.png,tshirt1154_openpose1154.png
tshirt_1156.png,tshirt1155_openpose1155.png,tshirt1155_densepose1155.png,tshirt1155_densepose1155.png,tshirt1155_openpose1155.png
tshirt_1157.png,tshirt1156_openpose1156.png,tshirt1156_densepose1156.png,tshirt1156_densepose1156.png,tshirt1156_openpose1156.png
tshirt_1158.png,tshirt1157_openpose1157.png,tshirt1157_densepose1157.png,tshirt1157_densepose1157.png,tshirt1157_openpose1157.png
tshirt_1159.png,tshirt1158_openpose1158.png,tshirt1158_densepose1158.png,tshirt1158_densepose1158.png,tshirt1158_openpose1158.png
tshirt_1160.png,tshirt1159_openpose1159.png,tshirt1159_densepose1159.png,tshirt1159_densepose1159.png,tshirt1159_openpose1159.png
tshirt_1161.png,tshirt1160_openpose1160.png,tshirt1160_densepose1160.png,tshirt1160_densepose1160.png,tshirt1160_openpose1160.png
tshirt_1162.png,tshirt1161_openpose1161.png,tshirt1161_densepose1161.png,tshirt1161_densepose1161.png,tshirt1161_openpose1161.png
tshirt_1163.png,tshirt1162_openpose1162.png,tshirt1162_densepose1162.png,tshirt1162_densepose1162.png,tshirt1162_openpose1162.png
tshirt_1164.png,tshirt1163_openpose1163.png,tshirt1163_densepose1163.png,tshirt1163_densepose1163.png,tshirt1163_openpose1163.png
tshirt_1165.png,tshirt1164_openpose1164.png,tshirt1164_densepose1164.png,tshirt1164_densepose1164.png,tshirt1164_openpose1164.png
tshirt_1166.png,tshirt1165_openpose1165.png,tshirt1165_densepose1165.png,tshirt1165_densepose1165.png,tshirt1165_openpose1165.png
tshirt_1167.png,tshirt1166_openpose1166.png,tshirt1166_densepose1166.png,tshirt1166_densepose1166.png,tshirt1166_openpose1166.png
tshirt_1168.png,tshirt1167_openpose1167.png,tshirt1167_densepose1167.png,tshirt1167_densepose1167.png,tshirt1167_openpose1167.png
tshirt_1169.png,tshirt1168_openpose1168.png,tshirt1168_densepose1168.png,tshirt1168_densepose1168.png,tshirt1168_openpose1168.png
tshirt_1170.png,tshirt1169_openpose1169.png,tshirt1169_densepose1169.png,tshirt1169_densepose1169.png,tshirt1169_openpose1169.png
tshirt_1171.png,tshirt1170_openpose1170.png,tshirt1170_densepose1170.png,tshirt1170_densepose1170.png,tshirt1170_openpose1170.png
tshirt_1172.png,tshirt1171_openpose1171.png,tshirt1171_densepose1171.png,tshirt1171_densepose1171.png,tshirt1171_openpose1171.png
tshirt_1173.png,tshirt1172_openpose1172.png,tshirt1172_densepose1172.png,tshirt1172_densepose1172.png,tshirt1172_openpose1172.png
tshirt_1174.png,tshirt1173_openpose1173.png,tshirt1173_densepose1173.png,tshirt1173_densepose1173.png,tshirt1173_openpose1173.png
tshirt_1175.png,tshirt1174_openpose1174.png,tshirt1174_densepose1174.png,tshirt1174_densepose1174.png,tshirt1174_openpose1174.png
tshirt_1176.png,tshirt1175_openpose1175.png,tshirt1175_densepose1175.png,tshirt1175_densepose1175.png,tshirt1175_openpose1175.png
tshirt_1177.png,tshirt1176_openpose1176.png,tshirt1176_densepose1176.png,tshirt1176_densepose1176.png,tshirt1176_openpose1176.png
tshirt_1178.png,tshirt1177_openpose1177.png,tshirt1177_densepose1177.png,tshirt1177_densepose1177.png,tshirt1177_openpose1177.png
tshirt_1179.png,tshirt1178_openpose1178.png,tshirt1178_densepose1178.png,tshirt1178_densepose1178.png,tshirt1178_openpose1178.png
tshirt_1180.png,tshirt1179_openpose1179.png,tshirt1179_densepose1179.png,tshirt1179_densepose1179.png,tshirt1179_openpose1179.png
tshirt_1181.png,tshirt1180_openpose1180.png,tshirt1180_densepose1180.png,tshirt1180_densepose1180.png,tshirt1180_openpose1180.png
tshirt_1182.png,tshirt1181_openpose1181.png,tshirt1181_densepose1181.png,tshirt1181_densepose1181.png,tshirt1181_openpose1181.png
tshirt_1183.png,tshirt1182_openpose1182.png,tshirt1182_densepose1182.png,tshirt1182_densepose1182.png,tshirt1182_openpose1182.png
tshirt_1184.png,tshirt1183_openpose1183.png,tshirt1183_densepose1183.png,tshirt1183_densepose1183.png,tshirt1183_openpose1183.png
tshirt_1185.png,tshirt1184_openpose1184.png,tshirt1184_densepose1184.png,tshirt1184_densepose1184.png,tshirt1184_openpose1184.png
tshirt_1186.png,tshirt1185_openpose1185.png,tshirt1185_densepose1185.png,tshirt1185_densepose1185.png,tshirt1185_openpose1185.png
tshirt_1187.png,tshirt1186_openpose1186.png,tshirt1186_densepose1186.png,tshirt1186_densepose1186.png,tshirt1186_openpose1186.png
tshirt_1188.png,tshirt1187_openpose1187.png,tshirt1187_densepose1187.png,tshirt1187_densepose1187.png,tshirt1187_openpose1187.png
tshirt_1189.png,tshirt1188_openpose1188.png,tshirt1188_densepose1188.png,tshirt1188_densepose1188.png,tshirt1188_openpose1188.png
tshirt_1190.png,tshirt1189_openpose1189.png,tshirt1189_densepose1189.png,tshirt1189_densepose1189.png,tshirt1189_openpose1189.png
tshirt_1191.png,tshirt1190_openpose1190.png,tshirt1190_densepose1190.png,tshirt1190_densepose1190.png,tshirt1190_openpose1190.png
tshirt_1192.png,tshirt1191_openpose1191.png,tshirt1191_densepose1191.png,tshirt1191_densepose1191.png,tshirt1191_openpose1191.png
tshirt_1193.png,tshirt1192_openpose1192.png,tshirt1192_densepose1192.png,tshirt1192_densepose1192.png,tshirt1192_openpose1192.png
tshirt_1194.png,tshirt1193_openpose1193.png,tshirt1193_densepose1193.png,tshirt1193_densepose1193.png,tshirt1193_openpose1193.png
tshirt_1195.png,tshirt1194_openpose1194.png,tshirt1194_densepose1194.png,tshirt1194_densepose1194.png,tshirt1194_openpose1194.png
tshirt_1196.png,tshirt1195_openpose1195.png,tshirt1195_densepose1195.png,tshirt1195_densepose1195.png,tshirt1195_openpose1195.png
tshirt_1197.png,tshirt1196_openpose1196.png,tshirt1196_densepose1196.png,tshirt1196_densepose1196.png,tshirt1196_openpose1196.png
tshirt_1198.png,tshirt1197_openpose1197.png,tshirt1197_densepose1197.png,tshirt1197_densepose1197.png,tshirt1197_openpose1197.png
tshirt_1199.png,tshirt1198_openpose1198.png,tshirt1198_densepose1198.png,tshirt1198_densepose1198.png,tshirt1198_openpose1198.png
tshirt_1200.png,tshirt1199_openpose1199.png,tshirt1199_densepose1199.png,tshirt1199_densepose1199.png,tshirt1199_openpose1199.png
tshirt_1201.png,tshirt1200_openpose1200.png,tshirt1200_densepose1200.png,tshirt1200_densepose1200.png,tshirt1200_openpose1200.png
tshirt_1202.png,tshirt1201_openpose1201.png,tshirt1201_densepose1201.png,tshirt1201_densepose1201.png,tshirt1201_openpose1201.png
tshirt_1203.png,tshirt1202_openpose1202.png,tshirt1202_densepose1202.png,tshirt1202_densepose1202.png,tshirt1202_openpose1202.png
tshirt_1204.png,tshirt1203_openpose1203.png,tshirt1203_densepose1203.png,tshirt1203_densepose1203.png,tshirt1203_openpose1203.png
tshirt_1205.png,tshirt1204_openpose1204.png,tshirt1204_densepose1204.png,tshirt1204_densepose1204.png,tshirt1204_openpose1204.png
tshirt_1206.png,tshirt1205_openpose1205.png,tshirt1205_densepose1205.png,tshirt1205_densepose1205.png,tshirt1205_openpose1205.png
tshirt_1207.png,tshirt1206_openpose1206.png,tshirt1206_densepose1206.png,tshirt1206_densepose1206.png,tshirt1206_openpose1206.png
tshirt_1208.png,tshirt1207_openpose1207.png,tshirt1207_densepose1207.png,tshirt1207_densepose1207.png,tshirt1207_openpose1207.png
tshirt_1209.png,tshirt1208_openpose1208.png,tshirt1208_densepose1208.png,tshirt1208_densepose1208.png,tshirt1208_openpose1208.png
tshirt_1210.png,tshirt1209_openpose1209.png,tshirt1209_densepose1209.png,tshirt1209_densepose1209.png,tshirt1209_openpose1209.png
tshirt_1211.png,tshirt1210_openpose1210.png,tshirt1210_densepose1210.png,tshirt1210_densepose1210.png,tshirt1210_openpose1210.png
tshirt_1212.png,tshirt1211_openpose1211.png,tshirt1211_densepose1211.png,tshirt1211_densepose1211.png,tshirt1211_openpose1211.png
tshirt_1213.png,tshirt1212_openpose1212.png,tshirt1212_densepose1212.png,tshirt1212_densepose1212.png,tshirt1212_openpose1212.png
tshirt_1214.png,tshirt1213_openpose1213.png,tshirt1213_densepose1213.png,tshirt1213_densepose1213.png,tshirt1213_openpose1213.png
tshirt_1215.png,tshirt1214_openpose1214.png,tshirt1214_densepose1214.png,tshirt1214_densepose1214.png,tshirt1214_openpose1214.png
tshirt_1216.png,tshirt1215_openpose1215.png,tshirt1215_densepose1215.png,tshirt1215_densepose1215.png,tshirt1215_openpose1215.png
tshirt_1217.png,tshirt1216_openpose1216.png,tshirt1216_densepose1216.png,tshirt1216_densepose1216.png,tshirt1216_openpose1216.png
tshirt_1218.png,tshirt1217_openpose1217.png,tshirt1217_densepose1217.png,tshirt1217_densepose1217.png,tshirt1217_openpose1217.png
tshirt_1219.png,tshirt1218_openpose1218.png,tshirt1218_densepose1218.png,tshirt1218_densepose1218.png,tshirt1218_openpose1218.png
tshirt_1220.png,tshirt1219_openpose1219.png,tshirt1219_densepose1219.png,tshirt1219_densepose1219.png,tshirt1219_openpose1219.png
tshirt_1221.png,tshirt1220_openpose1220.png,tshirt1220_densepose1220.png,tshirt1220_densepose1220.png,tshirt1220_openpose1220.png
tshirt_1222.png,tshirt1221_openpose1221.png,tshirt1221_densepose1221.png,tshirt1221_densepose1221.png,tshirt1221_openpose1221.png
tshirt_1223.png,tshirt1222_openpose1222.png,tshirt1222_densepose1222.png,tshirt1222_densepose1222.png,tshirt1222_openpose1222.png
tshirt_1224.png,tshirt1223_openpose1223.png,tshirt1223_densepose1223.png,tshirt1223_densepose1223.png,tshirt1223_openpose1223.png
tshirt_1225.png,tshirt1224_openpose1224.png,tshirt1224_densepose1224.png,tshirt1224_densepose1224.png,tshirt1224_openpose1224.png
tshirt_1226.png,tshirt1225_openpose1225.png,tshirt1225_densepose1225.png,tshirt1225_densepose1225.png,tshirt1225_openpose1225.png
tshirt_1227.png,tshirt1226_openpose1226.png,tshirt1226_densepose1226.png,tshirt1226_densepose1226.png,tshirt1226_openpose1226.png
tshirt_1228.png,tshirt1227_openpose1227.png,tshirt1227_densepose1227.png,tshirt1227_densepose1227.png,tshirt1227_openpose1227.png
tshirt_1229.png,tshirt1228_openpose1228.png,tshirt1228_densepose1228.png,tshirt1228_densepose1228.png,tshirt1228_openpose1228.png
tshirt_1230.png,tshirt1229_openpose1229.png,tshirt1229_densepose1229.png,tshirt1229_densepose1229.png,tshirt1229_openpose1229.png
tshirt_1231.png,tshirt1230_openpose1230.png,tshirt1230_densepose1230.png,tshirt1230_densepose1230.png,tshirt1230_openpose1230.png
tshirt_1232.png,tshirt1231_openpose1231.png,tshirt1231_densepose1231.png,tshirt1231_densepose1231.png,tshirt1231_openpose1231.png
tshirt_1233.png,tshirt1232_openpose1232.png,tshirt1232_densepose1232.png,tshirt1232_densepose1232.png,tshirt1232_openpose1232.png
tshirt_1234.png,tshirt1233_openpose1233.png,tshirt1233_densepose1233.png,tshirt1233_densepose1233.png,tshirt1233_openpose1233.png
tshirt_1235.png,tshirt1234_openpose1234.png,tshirt1234_densepose1234.png,tshirt1234_densepose1234.png,tshirt1234_openpose1234.png
tshirt_1236.png,tshirt1235_openpose1235.png,tshirt1235_densepose1235.png,tshirt1235_densepose1235.png,tshirt1235_openpose1235.png
tshirt_1237.png,tshirt1236_openpose1236.png,tshirt1236_densepose1236.png,tshirt1236_densepose1236.png,tshirt1236_openpose1236.png
tshirt_1238.png,tshirt1237_openpose1237.png,tshirt1237_densepose1237.png,tshirt1237_densepose1237.png,tshirt1237_openpose1237.png
tshirt_1239.png,tshirt1238_openpose1238.png,tshirt1238_densepose1238.png,tshirt1238_densepose1238.png,tshirt1238_openpose1238.png
tshirt_1240.png,tshirt1239_openpose1239.png,tshirt1239_densepose1239.png,tshirt1239_densepose1239.png,tshirt1239_openpose1239.png
tshirt_1241.png,tshirt1240_openpose1240.png,tshirt1240_densepose1240.png,tshirt1240_densepose1240.png,tshirt1240_openpose1240.png
tshirt_1242.png,tshirt1241_openpose1241.png,tshirt1241_densepose1241.png,tshirt1241_densepose1241.png,tshirt1241_openpose1241.png
tshirt_1243.png,tshirt1242_openpose1242.png,tshirt1242_densepose1242.png,tshirt1242_densepose1242.png,tshirt1242_openpose1242.png
tshirt_1244.png,tshirt1243_openpose1243.png,tshirt1243_densepose1243.png,tshirt1243_densepose1243.png,tshirt1243_openpose1243.png
tshirt_1246.png,tshirt1244_openpose1244.png,tshirt1244_densepose1244.png,tshirt1244_densepose1244.png,tshirt1244_openpose1244.png
tshirt_1247.png,tshirt1245_openpose1245.png,tshirt1245_densepose1245.png,tshirt1245_densepose1245.png,tshirt1245_openpose1245.png
tshirt_1248.png,tshirt1246_openpose1246.png,tshirt1246_densepose1246.png,tshirt1246_densepose1246.png,tshirt1246_openpose1246.png
tshirt_1249.png,tshirt1247_openpose1247.png,tshirt1247_densepose1247.png,tshirt1247_densepose1247.png,tshirt1247_openpose1247.png
tshirt_1250.png,tshirt1248_openpose1248.png,tshirt1248_densepose1248.png,tshirt1248_densepose1248.png,tshirt1248_openpose1248.png
tshirt_1251.png,tshirt1249_openpose1249.png,tshirt1249_densepose1249.png,tshirt1249_densepose1249.png,tshirt1249_openpose1249.png
tshirt_1252.png,tshirt1250_openpose1250.png,tshirt1250_densepose1250.png,tshirt1250_densepose1250.png,tshirt1250_openpose1250.png
tshirt_1253.png,tshirt1251_openpose1251.png,tshirt1251_densepose1251.png,tshirt1251_densepose1251.png,tshirt1251_openpose1251.png
tshirt_1254.png,tshirt1252_openpose1252.png,tshirt1252_densepose1252.png,tshirt1252_densepose1252.png,tshirt1252_openpose1252.png
tshirt_1255.png,tshirt1253_openpose1253.png,tshirt1253_densepose1253.png,tshirt1253_densepose1253.png,tshirt1253_openpose1253.png
tshirt_1256.png,tshirt1254_openpose1254.png,tshirt1254_densepose1254.png,tshirt1254_densepose1254.png,tshirt1254_openpose1254.png
tshirt_1257.png,tshirt1255_openpose1255.png,tshirt1255_densepose1255.png,tshirt1255_densepose1255.png,tshirt1255_openpose1255.png
tshirt_1258.png,tshirt1256_openpose1256.png,tshirt1256_densepose1256.png,tshirt1256_densepose1256.png,tshirt1256_openpose1256.png
tshirt_1259.png,tshirt1257_openpose1257.png,tshirt1257_densepose1257.png,tshirt1257_densepose1257.png,tshirt1257_openpose1257.png
tshirt_1260.png,tshirt1258_openpose1258.png,tshirt1258_densepose1258.png,tshirt1258_densepose1258.png,tshirt1258_openpose1258.png
tshirt_1261.png,tshirt1259_openpose1259.png,tshirt1259_densepose1259.png,tshirt1259_densepose1259.png,tshirt1259_openpose1259.png
tshirt_1262.png,tshirt1260_openpose1260.png,tshirt1260_densepose1260.png,tshirt1260_densepose1260.png,tshirt1260_openpose1260.png
tshirt_1263.png,tshirt1261_openpose1261.png,tshirt1261_densepose1261.png,tshirt1261_densepose1261.png,tshirt1261_openpose1261.png
tshirt_1264.png,tshirt1262_openpose1262.png,tshirt1262_densepose1262.png,tshirt1262_densepose1262.png,tshirt1262_openpose1262.png
tshirt_1265.png,tshirt1263_openpose1263.png,tshirt1263_densepose1263.png,tshirt1263_densepose1263.png,tshirt1263_openpose1263.png
tshirt_1266.png,tshirt1264_openpose1264.png,tshirt1264_densepose1264.png,tshirt1264_densepose1264.png,tshirt1264_openpose1264.png
tshirt_1267.png,tshirt1265_openpose1265.png,tshirt1265_densepose1265.png,tshirt1265_densepose1265.png,tshirt1265_openpose1265.png
tshirt_1268.png,tshirt1266_openpose1266.png,tshirt1266_densepose1266.png,tshirt1266_densepose1266.png,tshirt1266_openpose1266.png
tshirt_1269.png,tshirt1267_openpose1267.png,tshirt1267_densepose1267.png,tshirt1267_densepose1267.png,tshirt1267_openpose1267.png
tshirt_1270.png,tshirt1268_openpose1268.png,tshirt1268_densepose1268.png,tshirt1268_densepose1268.png,tshirt1268_openpose1268.png
tshirt_1271.png,tshirt1269_openpose1269.png,tshirt1269_densepose1269.png,tshirt1269_densepose1269.png,tshirt1269_openpose1269.png
tshirt_1272.png,tshirt1270_openpose1270.png,tshirt1270_densepose1270.png,tshirt1270_densepose1270.png,tshirt1270_openpose1270.png
tshirt_1273.png,tshirt1271_openpose1271.png,tshirt1271_densepose1271.png,tshirt1271_densepose1271.png,tshirt1271_openpose1271.png
tshirt_1274.png,tshirt1272_openpose1272.png,tshirt1272_densepose1272.png,tshirt1272_densepose1272.png,tshirt1272_openpose1272.png
tshirt_1275.png,tshirt1273_openpose1273.png,tshirt1273_densepose1273.png,tshirt1273_densepose1273.png,tshirt1273_openpose1273.png
tshirt_1276.png,tshirt1274_openpose1274.png,tshirt1274_densepose1274.png,tshirt1274_densepose1274.png,tshirt1274_openpose1274.png
tshirt_1277.png,tshirt1275_openpose1275.png,tshirt1275_densepose1275.png,tshirt1275_densepose1275.png,tshirt1275_openpose1275.png
tshirt_1278.png,tshirt1276_openpose1276.png,tshirt1276_densepose1276.png,tshirt1276_densepose1276.png,tshirt1276_openpose1276.png
tshirt_1279.png,tshirt1277_openpose1277.png,tshirt1277_densepose1277.png,tshirt1277_densepose1277.png,tshirt1277_openpose1277.png
tshirt_1280.png,tshirt1278_openpose1278.png,tshirt1278_densepose1278.png,tshirt1278_densepose1278.png,tshirt1278_openpose1278.png
tshirt_1281.png,tshirt1279_openpose1279.png,tshirt1279_densepose1279.png,tshirt1279_densepose1279.png,tshirt1279_openpose1279.png
tshirt_1282.png,tshirt1280_openpose1280.png,tshirt1280_densepose1280.png,tshirt1280_densepose1280.png,tshirt1280_openpose1280.png
tshirt_1283.png,tshirt1281_openpose1281.png,tshirt1281_densepose1281.png,tshirt1281_densepose1281.png,tshirt1281_openpose1281.png
tshirt_1284.png,tshirt1282_openpose1282.png,tshirt1282_densepose1282.png,tshirt1282_densepose1282.png,tshirt1282_openpose1282.png
tshirt_1285.png,tshirt1283_openpose1283.png,tshirt1283_densepose1283.png,tshirt1283_densepose1283.png,tshirt1283_openpose1283.png
tshirt_1286.png,tshirt1284_openpose1284.png,tshirt1284_densepose1284.png,tshirt1284_densepose1284.png,tshirt1284_openpose1284.png
tshirt_1287.png,tshirt1285_openpose1285.png,tshirt1285_densepose1285.png,tshirt1285_densepose1285.png,tshirt1285_openpose1285.png
tshirt_1288.png,tshirt1286_openpose1286.png,tshirt1286_densepose1286.png,tshirt1286_densepose1286.png,tshirt1286_openpose1286.png
tshirt_1289.png,tshirt1287_openpose1287.png,tshirt1287_densepose1287.png,tshirt1287_densepose1287.png,tshirt1287_openpose1287.png
tshirt_1290.png,tshirt1288_openpose1288.png,tshirt1288_densepose1288.png,tshirt1288_densepose1288.png,tshirt1288_openpose1288.png
tshirt_1291.png,tshirt1289_openpose1289.png,tshirt1289_densepose1289.png,tshirt1289_densepose1289.png,tshirt1289_openpose1289.png
tshirt_1292.png,tshirt1290_openpose1290.png,tshirt1290_densepose1290.png,tshirt1290_densepose1290.png,tshirt1290_openpose1290.png
tshirt_1293.png,tshirt1291_openpose1291.png,tshirt1291_densepose1291.png,tshirt1291_densepose1291.png,tshirt1291_openpose1291.png
tshirt_1294.png,tshirt1292_openpose1292.png,tshirt1292_densepose1292.png,tshirt1292_densepose1292.png,tshirt1292_openpose1292.png
tshirt_1295.png,tshirt1293_openpose1293.png,tshirt1293_densepose1293.png,tshirt1293_densepose1293.png,tshirt1293_openpose1293.png
tshirt_1296.png,tshirt1294_openpose1294.png,tshirt1294_densepose1294.png,tshirt1294_densepose1294.png,tshirt1294_openpose1294.png
tshirt_1297.png,tshirt1295_openpose1295.png,tshirt1295_densepose1295.png,tshirt1295_densepose1295.png,tshirt1295_openpose1295.png
tshirt_1298.png,tshirt1296_openpose1296.png,tshirt1296_densepose1296.png,tshirt1296_densepose1296.png,tshirt1296_openpose1296.png
tshirt_1299.png,tshirt1297_openpose1297.png,tshirt1297_densepose1297.png,tshirt1297_densepose1297.png,tshirt1297_openpose1297.png
tshirt_1300.png,tshirt1298_openpose1298.png,tshirt1298_densepose1298.png,tshirt1298_densepose1298.png,tshirt1298_openpose1298.png
tshirt_1301.png,tshirt1299_openpose1299.png,tshirt1299_densepose1299.png,tshirt1299_densepose1299.png,tshirt1299_openpose1299.png
tshirt_1302.png,tshirt1300_openpose1300.png,tshirt1300_densepose1300.png,tshirt1300_densepose1300.png,tshirt1300_openpose1300.png
tshirt_1303.png,tshirt1301_openpose1301.png,tshirt1301_densepose1301.png,tshirt1301_densepose1301.png,tshirt1301_openpose1301.png
tshirt_1304.png,tshirt1302_openpose1302.png,tshirt1302_densepose1302.png,tshirt1302_densepose1302.png,tshirt1302_openpose1302.png
tshirt_1305.png,tshirt1303_openpose1303.png,tshirt1303_densepose1303.png,tshirt1303_densepose1303.png,tshirt1303_openpose1303.png
tshirt_1306.png,tshirt1304_openpose1304.png,tshirt1304_densepose1304.png,tshirt1304_densepose1304.png,tshirt1304_openpose1304.png
tshirt_1307.png,tshirt1305_openpose1305.png,tshirt1305_densepose1305.png,tshirt1305_densepose1305.png,tshirt1305_openpose1305.png
tshirt_1308.png,tshirt1306_openpose1306.png,tshirt1306_densepose1306.png,tshirt1306_densepose1306.png,tshirt1306_openpose1306.png
tshirt_1309.png,tshirt1307_openpose1307.png,tshirt1307_densepose1307.png,tshirt1307_densepose1307.png,tshirt1307_openpose1307.png
tshirt_1310.png,tshirt1308_openpose1308.png,tshirt1308_densepose1308.png,tshirt1308_densepose1308.png,tshirt1308_openpose1308.png
tshirt_1311.png,tshirt1309_openpose1309.png,tshirt1309_densepose1309.png,tshirt1309_densepose1309.png,tshirt1309_openpose1309.png
tshirt_1312.png,tshirt1310_openpose1310.png,tshirt1310_densepose1310.png,tshirt1310_densepose1310.png,tshirt1310_openpose1310.png
tshirt_1313.png,tshirt1311_openpose1311.png,tshirt1311_densepose1311.png,tshirt1311_densepose1311.png,tshirt1311_openpose1311.png
tshirt_1314.png,tshirt1312_openpose1312.png,tshirt1312_densepose1312.png,tshirt1312_densepose1312.png,tshirt1312_openpose1312.png
tshirt_1315.png,tshirt1313_openpose1313.png,tshirt1313_densepose1313.png,tshirt1313_densepose1313.png,tshirt1313_openpose1313.png
tshirt_1316.png,tshirt1314_openpose1314.png,tshirt1314_densepose1314.png,tshirt1314_densepose1314.png,tshirt1314_openpose1314.png
tshirt_1317.png,tshirt1315_openpose1315.png,tshirt1315_densepose1315.png,tshirt1315_densepose1315.png,tshirt1315_openpose1315.png
tshirt_1318.png,tshirt1316_openpose1316.png,tshirt1316_densepose1316.png,tshirt1316_densepose1316.png,tshirt1316_openpose1316.png
tshirt_1319.png,tshirt1317_openpose1317.png,tshirt1317_densepose1317.png,tshirt1317_densepose1317.png,tshirt1317_openpose1317.png
tshirt_1320.png,tshirt1318_openpose1318.png,tshirt1318_densepose1318.png,tshirt1318_densepose1318.png,tshirt1318_openpose1318.png
tshirt_1321.png,tshirt1319_openpose1319.png,tshirt1319_densepose1319.png,tshirt1319_densepose1319.png,tshirt1319_openpose1319.png
tshirt_1322.png,tshirt1320_openpose1320.png,tshirt1320_densepose1320.png,tshirt1320_densepose1320.png,tshirt1320_openpose1320.png
tshirt_1323.png,tshirt1321_openpose1321.png,tshirt1321_densepose1321.png,tshirt1321_densepose1321.png,tshirt1321_openpose1321.png
tshirt_1324.png,tshirt1322_openpose1322.png,tshirt1322_densepose1322.png,tshirt1322_densepose1322.png,tshirt1322_openpose1322.png
tshirt_1325.png,tshirt1323_openpose1323.png,tshirt1323_densepose1323.png,tshirt1323_densepose1323.png,tshirt1323_openpose1323.png
tshirt_1326.png,tshirt1324_openpose1324.png,tshirt1324_densepose1324.png,tshirt1324_densepose1324.png,tshirt1324_openpose1324.png
tshirt_1327.png,tshirt1325_openpose1325.png,tshirt1325_densepose1325.png,tshirt1325_densepose1325.png,tshirt1325_openpose1325.png
tshirt_1328.png,tshirt1326_openpose1326.png,tshirt1326_densepose1326.png,tshirt1326_densepose1326.png,tshirt1326_openpose1326.png
tshirt_1329.png,tshirt1327_openpose1327.png,tshirt1327_densepose1327.png,tshirt1327_densepose1327.png,tshirt1327_openpose1327.png
tshirt_1330.png,tshirt1328_openpose1328.png,tshirt1328_densepose1328.png,tshirt1328_densepose1328.png,tshirt1328_openpose1328.png
tshirt_1331.png,tshirt1329_openpose1329.png,tshirt1329_densepose1329.png,tshirt1329_densepose1329.png,tshirt1329_openpose1329.png
tshirt_1332.png,tshirt1330_openpose1330.png,tshirt1330_densepose1330.png,tshirt1330_densepose1330.png,tshirt1330_openpose1330.png
tshirt_1333.png,tshirt1331_openpose1331.png,tshirt1331_densepose1331.png,tshirt1331_densepose1331.png,tshirt1331_openpose1331.png
tshirt_1334.png,tshirt1332_openpose1332.png,tshirt1332_densepose1332.png,tshirt1332_densepose1332.png,tshirt1332_openpose1332.png
tshirt_1335.png,tshirt1333_openpose1333.png,tshirt1333_densepose1333.png,tshirt1333_densepose1333.png,tshirt1333_openpose1333.png
tshirt_1336.png,tshirt1334_openpose1334.png,tshirt1334_densepose1334.png,tshirt1334_densepose1334.png,tshirt1334_openpose1334.png
tshirt_1337.png,tshirt1335_openpose1335.png,tshirt1335_densepose1335.png,tshirt1335_densepose1335.png,tshirt1335_openpose1335.png
tshirt_1338.png,tshirt1336_openpose1336.png,tshirt1336_densepose1336.png,tshirt1336_densepose1336.png,tshirt1336_openpose1336.png
tshirt_1339.png,tshirt1337_openpose1337.png,tshirt1337_densepose1337.png,tshirt1337_densepose1337.png,tshirt1337_openpose1337.png
tshirt_1340.png,tshirt1338_openpose1338.png,tshirt1338_densepose1338.png,tshirt1338_densepose1338.png,tshirt1338_openpose1338.png
tshirt_1341.png,tshirt1339_openpose1339.png,tshirt1339_densepose1339.png,tshirt1339_densepose1339.png,tshirt1339_openpose1339.png
tshirt_1342.png,tshirt1340_openpose1340.png,tshirt1340_densepose1340.png,tshirt1340_densepose1340.png,tshirt1340_openpose1340.png
tshirt_1343.png,tshirt1341_openpose1341.png,tshirt1341_densepose1341.png,tshirt1341_densepose1341.png,tshirt1341_openpose1341.png
tshirt_1344.png,tshirt1342_openpose1342.png,tshirt1342_densepose1342.png,tshirt1342_densepose1342.png,tshirt1342_openpose1342.png
tshirt_1345.png,tshirt1343_openpose1343.png,tshirt1343_densepose1343.png,tshirt1343_densepose1343.png,tshirt1343_openpose1343.png
tshirt_1346.png,tshirt1344_openpose1344.png,tshirt1344_densepose1344.png,tshirt1344_densepose1344.png,tshirt1344_openpose1344.png
tshirt_1347.png,tshirt1345_openpose1345.png,tshirt1345_densepose1345.png,tshirt1345_densepose1345.png,tshirt1345_openpose1345.png
tshirt_1348.png,tshirt1346_openpose1346.png,tshirt1346_densepose1346.png,tshirt1346_densepose1346.png,tshirt1346_openpose1346.png
tshirt_1349.png,tshirt1347_openpose1347.png,tshirt1347_densepose1347.png,tshirt1347_densepose1347.png,tshirt1347_openpose1347.png
tshirt_1350.png,tshirt1348_openpose1348.png,tshirt1348_densepose1348.png,tshirt1348_densepose1348.png,tshirt1348_openpose1348.png
tshirt_1351.png,tshirt1349_openpose1349.png,tshirt1349_densepose1349.png,tshirt1349_densepose1349.png,tshirt1349_openpose1349.png
tshirt_1352.png,tshirt1350_openpose1350.png,tshirt1350_densepose1350.png,tshirt1350_densepose1350.png,tshirt1350_openpose1350.png
tshirt_1353.png,tshirt1351_openpose1351.png,tshirt1351_densepose1351.png,tshirt1351_densepose1351.png,tshirt1351_openpose1351.png
tshirt_1354.png,tshirt1352_openpose1352.png,tshirt1352_densepose1352.png,tshirt1352_densepose1352.png,tshirt1352_openpose1352.png
tshirt_1355.png,tshirt1353_openpose1353.png,tshirt1353_densepose1353.png,tshirt1353_densepose1353.png,tshirt1353_openpose1353.png
tshirt_1356.png,tshirt1354_openpose1354.png,tshirt1354_densepose1354.png,tshirt1354_densepose1354.png,tshirt1354_openpose1354.png
tshirt_1357.png,tshirt1355_openpose1355.png,tshirt1355_densepose1355.png,tshirt1355_densepose1355.png,tshirt1355_openpose1355.png
tshirt_1358.png,tshirt1356_openpose1356.png,tshirt1356_densepose1356.png,tshirt1356_densepose1356.png,tshirt1356_openpose1356.png
tshirt_1359.png,tshirt1357_openpose1357.png,tshirt1357_densepose1357.png,tshirt1357_densepose1357.png,tshirt1357_openpose1357.png
tshirt_1360.png,tshirt1358_openpose1358.png,tshirt1358_densepose1358.png,tshirt1358_densepose1358.png,tshirt1358_openpose1358.png
tshirt_1361.png,tshirt1359_openpose1359.png,tshirt1359_densepose1359.png,tshirt1359_densepose1359.png,tshirt1359_openpose1359.png
tshirt_1362.png,tshirt1360_openpose1360.png,tshirt1360_densepose1360.png,tshirt1360_densepose1360.png,tshirt1360_openpose1360.png
tshirt_1363.png,tshirt1361_openpose1361.png,tshirt1361_densepose1361.png,tshirt1361_densepose1361.png,tshirt1361_openpose1361.png
tshirt_1364.png,tshirt1362_openpose1362.png,tshirt1362_densepose1362.png,tshirt1362_densepose1362.png,tshirt1362_openpose1362.png
tshirt_1365.png,tshirt1363_openpose1363.png,tshirt1363_densepose1363.png,tshirt1363_densepose1363.png,tshirt1363_openpose1363.png
tshirt_1366.png,tshirt1364_openpose1364.png,tshirt1364_densepose1364.png,tshirt1364_densepose1364.png,tshirt1364_openpose1364.png
tshirt_1367.png,tshirt1365_openpose1365.png,tshirt1365_densepose1365.png,tshirt1365_densepose1365.png,tshirt1365_openpose1365.png
tshirt_1368.png,tshirt1366_openpose1366.png,tshirt1366_densepose1366.png,tshirt1366_densepose1366.png,tshirt1366_openpose1366.png
tshirt_1369.png,tshirt1367_openpose1367.png,tshirt1367_densepose1367.png,tshirt1367_densepose1367.png,tshirt1367_openpose1367.png
tshirt_1370.png,tshirt1368_openpose1368.png,tshirt1368_densepose1368.png,tshirt1368_densepose1368.png,tshirt1368_openpose1368.png
tshirt_1371.png,tshirt1369_openpose1369.png,tshirt1369_densepose1369.png,tshirt1369_densepose1369.png,tshirt1369_openpose1369.png
tshirt_1372.png,tshirt1370_openpose1370.png,tshirt1370_densepose1370.png,tshirt1370_densepose1370.png,tshirt1370_openpose1370.png
tshirt_1373.png,tshirt1371_openpose1371.png,tshirt1371_densepose1371.png,tshirt1371_densepose1371.png,tshirt1371_openpose1371.png
tshirt_1374.png,tshirt1372_openpose1372.png,tshirt1372_densepose1372.png,tshirt1372_densepose1372.png,tshirt1372_openpose1372.png
tshirt_1375.png,tshirt1373_openpose1373.png,tshirt1373_densepose1373.png,tshirt1373_densepose1373.png,tshirt1373_openpose1373.png
tshirt_1376.png,tshirt1374_openpose1374.png,tshirt1374_densepose1374.png,tshirt1374_densepose1374.png,tshirt1374_openpose1374.png
tshirt_1377.png,tshirt1375_openpose1375.png,tshirt1375_densepose1375.png,tshirt1375_densepose1375.png,tshirt1375_openpose1375.png
tshirt_1378.png,tshirt1376_openpose1376.png,tshirt1376_densepose1376.png,tshirt1376_densepose1376.png,tshirt1376_openpose1376.png
tshirt_1379.png,tshirt1377_openpose1377.png,tshirt1377_densepose1377.png,tshirt1377_densepose1377.png,tshirt1377_openpose1377.png
tshirt_1380.png,tshirt1378_openpose1378.png,tshirt1378_densepose1378.png,tshirt1378_densepose1378.png,tshirt1378_openpose1378.png
tshirt_1381.png,tshirt1379_openpose1379.png,tshirt1379_densepose1379.png,tshirt1379_densepose1379.png,tshirt1379_openpose1379.png
tshirt_1382.png,tshirt1380_openpose1380.png,tshirt1380_densepose1380.png,tshirt1380_densepose1380.png,tshirt1380_openpose1380.png
tshirt_1383.png,tshirt1381_openpose1381.png,tshirt1381_densepose1381.png,tshirt1381_densepose1381.png,tshirt1381_openpose1381.png
tshirt_1384.png,tshirt1382_openpose1382.png,tshirt1382_densepose1382.png,tshirt1382_densepose1382.png,tshirt1382_openpose1382.png
tshirt_1385.png,tshirt1383_openpose1383.png,tshirt1383_densepose1383.png,tshirt1383_densepose1383.png,tshirt1383_openpose1383.png
tshirt_1386.png,tshirt1384_openpose1384.png,tshirt1384_densepose1384.png,tshirt1384_densepose1384.png,tshirt1384_openpose1384.png
tshirt_1387.png,tshirt1385_openpose1385.png,tshirt1385_densepose1385.png,tshirt1385_densepose1385.png,tshirt1385_openpose1385.png
tshirt_1388.png,tshirt1386_openpose1386.png,tshirt1386_densepose1386.png,tshirt1386_densepose1386.png,tshirt1386_openpose1386.png
tshirt_1389.png,tshirt1387_openpose1387.png,tshirt1387_densepose1387.png,tshirt1387_densepose1387.png,tshirt1387_openpose1387.png
tshirt_1390.png,tshirt1388_openpose1388.png,tshirt1388_densepose1388.png,tshirt1388_densepose1388.png,tshirt1388_openpose1388.png
tshirt_1391.png,tshirt1389_openpose1389.png,tshirt1389_densepose1389.png,tshirt1389_densepose1389.png,tshirt1389_openpose1389.png
tshirt_1392.png,tshirt1390_openpose1390.png,tshirt1390_densepose1390.png,tshirt1390_densepose1390.png,tshirt1390_openpose1390.png
tshirt_1393.png,tshirt1391_openpose1391.png,tshirt1391_densepose1391.png,tshirt1391_densepose1391.png,tshirt1391_openpose1391.png
tshirt_1394.png,tshirt1392_openpose1392.png,tshirt1392_densepose1392.png,tshirt1392_densepose1392.png,tshirt1392_openpose1392.png
tshirt_1395.png,tshirt1393_openpose1393.png,tshirt1393_densepose1393.png,tshirt1393_densepose1393.png,tshirt1393_openpose1393.png
tshirt_1396.png,tshirt1394_openpose1394.png,tshirt1394_densepose1394.png,tshirt1394_densepose1394.png,tshirt1394_openpose1394.png
tshirt_1397.png,tshirt1395_openpose1395.png,tshirt1395_densepose1395.png,tshirt1395_densepose1395.png,tshirt1395_openpose1395.png
tshirt_1398.png,tshirt1396_openpose1396.png,tshirt1396_densepose1396.png,tshirt1396_densepose1396.png,tshirt1396_openpose1396.png
tshirt_1399.png,tshirt1397_openpose1397.png,tshirt1397_densepose1397.png,tshirt1397_densepose1397.png,tshirt1397_openpose1397.png
tshirt_1400.png,tshirt1398_openpose1398.png,tshirt1398_densepose1398.png,tshirt1398_densepose1398.png,tshirt1398_openpose1398.png
tshirt_1401.png,tshirt1399_openpose1399.png,tshirt1399_densepose1399.png,tshirt1399_densepose1399.png,tshirt1399_openpose1399.png
tshirt_1402.png,tshirt1400_openpose1400.png,tshirt1400_densepose1400.png,tshirt1400_densepose1400.png,tshirt1400_openpose1400.png
tshirt_1403.png,tshirt1401_openpose1401.png,tshirt1401_densepose1401.png,tshirt1401_densepose1401.png,tshirt1401_openpose1401.png
tshirt_1404.png,tshirt1402_openpose1402.png,tshirt1402_densepose1402.png,tshirt1402_densepose1402.png,tshirt1402_openpose1402.png
tshirt_1405.png,tshirt1403_openpose1403.png,tshirt1403_densepose1403.png,tshirt1403_densepose1403.png,tshirt1403_openpose1403.png
tshirt_1406.png,tshirt1404_openpose1404.png,tshirt1404_densepose1404.png,tshirt1404_densepose1404.png,tshirt1404_openpose1404.png
tshirt_1407.png,tshirt1405_openpose1405.png,tshirt1405_densepose1405.png,tshirt1405_densepose1405.png,tshirt1405_openpose1405.png
tshirt_1408.png,tshirt1406_openpose1406.png,tshirt1406_densepose1406.png,tshirt1406_densepose1406.png,tshirt1406_openpose1406.png
tshirt_1409.png,tshirt1407_openpose1407.png,tshirt1407_densepose1407.png,tshirt1407_densepose1407.png,tshirt1407_openpose1407.png
tshirt_1410.png,tshirt1408_openpose1408.png,tshirt1408_densepose1408.png,tshirt1408_densepose1408.png,tshirt1408_openpose1408.png
tshirt_1411.png,tshirt1409_openpose1409.png,tshirt1409_densepose1409.png,tshirt1409_densepose1409.png,tshirt1409_openpose1409.png
tshirt_1412.png,tshirt1410_openpose1410.png,tshirt1410_densepose1410.png,tshirt1410_densepose1410.png,tshirt1410_openpose1410.png
tshirt_1413.png,tshirt1411_openpose1411.png,tshirt1411_densepose1411.png,tshirt1411_densepose1411.png,tshirt1411_openpose1411.png
tshirt_1414.png,tshirt1412_openpose1412.png,tshirt1412_densepose1412.png,tshirt1412_densepose1412.png,tshirt1412_openpose1412.png
tshirt_1415.png,tshirt1413_openpose1413.png,tshirt1413_densepose1413.png,tshirt1413_densepose1413.png,tshirt1413_openpose1413.png
tshirt_1416.png,tshirt1414_openpose1414.png,tshirt1414_densepose1414.png,tshirt1414_densepose1414.png,tshirt1414_openpose1414.png
tshirt_1417.png,tshirt1415_openpose1415.png,tshirt1415_densepose1415.png,tshirt1415_densepose1415.png,tshirt1415_openpose1415.png
tshirt_1418.png,tshirt1416_openpose1416.png,tshirt1416_densepose1416.png,tshirt1416_densepose1416.png,tshirt1416_openpose1416.png
tshirt_1419.png,tshirt1417_openpose1417.png,tshirt1417_densepose1417.png,tshirt1417_densepose1417.png,tshirt1417_openpose1417.png
tshirt_1420.png,tshirt1418_openpose1418.png,tshirt1418_densepose1418.png,tshirt1418_densepose1418.png,tshirt1418_openpose1418.png
tshirt_1421.png,tshirt1419_openpose1419.png,tshirt1419_densepose1419.png,tshirt1419_densepose1419.png,tshirt1419_openpose1419.png
tshirt_1422.png,tshirt1420_openpose1420.png,tshirt1420_densepose1420.png,tshirt1420_densepose1420.png,tshirt1420_openpose1420.png
tshirt_1423.png,tshirt1421_openpose1421.png,tshirt1421_densepose1421.png,tshirt1421_densepose1421.png,tshirt1421_openpose1421.png
tshirt_1424.png,tshirt1422_openpose1422.png,tshirt1422_densepose1422.png,tshirt1422_densepose1422.png,tshirt1422_openpose1422.png
tshirt_1425.png,tshirt1423_openpose1423.png,tshirt1423_densepose1423.png,tshirt1423_densepose1423.png,tshirt1423_openpose1423.png
tshirt_1426.png,tshirt1424_openpose1424.png,tshirt1424_densepose1424.png,tshirt1424_densepose1424.png,tshirt1424_openpose1424.png
tshirt_1427.png,tshirt1425_openpose1425.png,tshirt1425_densepose1425.png,tshirt1425_densepose1425.png,tshirt1425_openpose1425.png
tshirt_1428.png,tshirt1426_openpose1426.png,tshirt1426_densepose1426.png,tshirt1426_densepose1426.png,tshirt1426_openpose1426.png
tshirt_1429.png,tshirt1427_openpose1427.png,tshirt1427_densepose1427.png,tshirt1427_densepose1427.png,tshirt1427_openpose1427.png
tshirt_1430.png,tshirt1428_openpose1428.png,tshirt1428_densepose1428.png,tshirt1428_densepose1428.png,tshirt1428_openpose1428.png
tshirt_1431.png,tshirt1429_openpose1429.png,tshirt1429_densepose1429.png,tshirt1429_densepose1429.png,tshirt1429_openpose1429.png
tshirt_1432.png,tshirt1430_openpose1430.png,tshirt1430_densepose1430.png,tshirt1430_densepose1430.png,tshirt1430_openpose1430.png
tshirt_1433.png,tshirt1431_openpose1431.png,tshirt1431_densepose1431.png,tshirt1431_densepose1431.png,tshirt1431_openpose1431.png
tshirt_1434.png,tshirt1432_openpose1432.png,tshirt1432_densepose1432.png,tshirt1432_densepose1432.png,tshirt1432_openpose1432.png
tshirt_1435.png,tshirt1433_openpose1433.png,tshirt1433_densepose1433.png,tshirt1433_densepose1433.png,tshirt1433_openpose1433.png
tshirt_1436.png,tshirt1434_openpose1434.png,tshirt1434_densepose1434.png,tshirt1434_densepose1434.png,tshirt1434_openpose1434.png
tshirt_1437.png,tshirt1435_openpose1435.png,tshirt1435_densepose1435.png,tshirt1435_densepose1435.png,tshirt1435_openpose1435.png
tshirt_1438.png,tshirt1436_openpose1436.png,tshirt1436_densepose1436.png,tshirt1436_densepose1436.png,tshirt1436_openpose1436.png
tshirt_1439.png,tshirt1437_openpose1437.png,tshirt1437_densepose1437.png,tshirt1437_densepose1437.png,tshirt1437_openpose1437.png
tshirt_1440.png,tshirt1438_openpose1438.png,tshirt1438_densepose1438.png,tshirt1438_densepose1438.png,tshirt1438_openpose1438.png
tshirt_1441.png,tshirt1439_openpose1439.png,tshirt1439_densepose1439.png,tshirt1439_densepose1439.png,tshirt1439_openpose1439.png
tshirt_1442.png,tshirt1440_openpose1440.png,tshirt1440_densepose1440.png,tshirt1440_densepose1440.png,tshirt1440_openpose1440.png
tshirt_1443.png,tshirt1441_openpose1441.png,tshirt1441_densepose1441.png,tshirt1441_densepose1441.png,tshirt1441_openpose1441.png
tshirt_1444.png,tshirt1442_openpose1442.png,tshirt1442_densepose1442.png,tshirt1442_densepose1442.png,tshirt1442_openpose1442.png
tshirt_1445.png,tshirt1443_openpose1443.png,tshirt1443_densepose1443.png,tshirt1443_densepose1443.png,tshirt1443_openpose1443.png
tshirt_1446.png,tshirt1444_openpose1444.png,tshirt1444_densepose1444.png,tshirt1444_densepose1444.png,tshirt1444_openpose1444.png
tshirt_1447.png,tshirt1445_openpose1445.png,tshirt1445_densepose1445.png,tshirt1445_densepose1445.png,tshirt1445_openpose1445.png
tshirt_1448.png,tshirt1446_openpose1446.png,tshirt1446_densepose1446.png,tshirt1446_densepose1446.png,tshirt1446_openpose1446.png
tshirt_1449.png,tshirt1447_openpose1447.png,tshirt1447_densepose1447.png,tshirt1447_densepose1447.png,tshirt1447_openpose1447.png
tshirt_1450.png,tshirt1448_openpose1448.png,tshirt1448_densepose1448.png,tshirt1448_densepose1448.png,tshirt1448_openpose1448.png
tshirt_1451.png,tshirt1449_openpose1449.png,tshirt1449_densepose1449.png,tshirt1449_densepose1449.png,tshirt1449_openpose1449.png
tshirt_1452.png,tshirt1450_openpose1450.png,tshirt1450_densepose1450.png,tshirt1450_densepose1450.png,tshirt1450_openpose1450.png
tshirt_1453.png,tshirt1451_openpose1451.png,tshirt1451_densepose1451.png,tshirt1451_densepose1451.png,tshirt1451_openpose1451.png
tshirt_1454.png,tshirt1452_openpose1452.png,tshirt1452_densepose1452.png,tshirt1452_densepose1452.png,tshirt1452_openpose1452.png
tshirt_1455.png,tshirt1453_openpose1453.png,tshirt1453_densepose1453.png,tshirt1453_densepose1453.png,tshirt1453_openpose1453.png
tshirt_1456.png,tshirt1454_openpose1454.png,tshirt1454_densepose1454.png,tshirt1454_densepose1454.png,tshirt1454_openpose1454.png
tshirt_1457.png,tshirt1455_openpose1455.png,tshirt1455_densepose1455.png,tshirt1455_densepose1455.png,tshirt1455_openpose1455.png
tshirt_1458.png,tshirt1456_openpose1456.png,tshirt1456_densepose1456.png,tshirt1456_densepose1456.png,tshirt1456_openpose1456.png
tshirt_1459.png,tshirt1457_openpose1457.png,tshirt1457_densepose1457.png,tshirt1457_densepose1457.png,tshirt1457_openpose1457.png
tshirt_1460.png,tshirt1458_openpose1458.png,tshirt1458_densepose1458.png,tshirt1458_densepose1458.png,tshirt1458_openpose1458.png
tshirt_1461.png,tshirt1459_openpose1459.png,tshirt1459_densepose1459.png,tshirt1459_densepose1459.png,tshirt1459_openpose1459.png
tshirt_1462.png,tshirt1460_openpose1460.png,tshirt1460_densepose1460.png,tshirt1460_densepose1460.png,tshirt1460_openpose1460.png
tshirt_1463.png,tshirt1461_openpose1461.png,tshirt1461_densepose1461.png,tshirt1461_densepose1461.png,tshirt1461_openpose1461.png
tshirt_1464.png,tshirt1462_openpose1462.png,tshirt1462_densepose1462.png,tshirt1462_densepose1462.png,tshirt1462_openpose1462.png
tshirt_1465.png,tshirt1463_openpose1463.png,tshirt1463_densepose1463.png,tshirt1463_densepose1463.png,tshirt1463_openpose1463.png
tshirt_1466.png,tshirt1464_openpose1464.png,tshirt1464_densepose1464.png,tshirt1464_densepose1464.png,tshirt1464_openpose1464.png
tshirt_1467.png,tshirt1465_openpose1465.png,tshirt1465_densepose1465.png,tshirt1465_densepose1465.png,tshirt1465_openpose1465.png
tshirt_1468.png,tshirt1466_openpose1466.png,tshirt1466_densepose1466.png,tshirt1466_densepose1466.png,tshirt1466_openpose1466.png
tshirt_1469.png,tshirt1467_openpose1467.png,tshirt1467_densepose1467.png,tshirt1467_densepose1467.png,tshirt1467_openpose1467.png
tshirt_1470.png,tshirt1468_openpose1468.png,tshirt1468_densepose1468.png,tshirt1468_densepose1468.png,tshirt1468_openpose1468.png
tshirt_1471.png,tshirt1469_openpose1469.png,tshirt1469_densepose1469.png,tshirt1469_densepose1469.png,tshirt1469_openpose1469.png
tshirt_1472.png,tshirt1470_openpose1470.png,tshirt1470_densepose1470.png,tshirt1470_densepose1470.png,tshirt1470_openpose1470.png
tshirt_1473.png,tshirt1471_openpose1471.png,tshirt1471_densepose1471.png,tshirt1471_densepose1471.png,tshirt1471_openpose1471.png
tshirt_1474.png,tshirt1472_openpose1472.png,tshirt1472_densepose1472.png,tshirt1472_densepose1472.png,tshirt1472_openpose1472.png
tshirt_1475.png,tshirt1473_openpose1473.png,tshirt1473_densepose1473.png,tshirt1473_densepose1473.png,tshirt1473_openpose1473.png
tshirt_1476.png,tshirt1474_openpose1474.png,tshirt1474_densepose1474.png,tshirt1474_densepose1474.png,tshirt1474_openpose1474.png
tshirt_1477.png,tshirt1475_openpose1475.png,tshirt1475_densepose1475.png,tshirt1475_densepose1475.png,tshirt1475_openpose1475.png
tshirt_1478.png,tshirt1476_openpose1476.png,tshirt1476_densepose1476.png,tshirt1476_densepose1476.png,tshirt1476_openpose1476.png
tshirt_1479.png,tshirt1477_openpose1477.png,tshirt1477_densepose1477.png,tshirt1477_densepose1477.png,tshirt1477_openpose1477.png
tshirt_1480.png,tshirt1478_openpose1478.png,tshirt1478_densepose1478.png,tshirt1478_densepose1478.png,tshirt1478_openpose1478.png
tshirt_1481.png,tshirt1479_openpose1479.png,tshirt1479_densepose1479.png,tshirt1479_densepose1479.png,tshirt1479_openpose1479.png
tshirt_1482.png,tshirt1480_openpose1480.png,tshirt1480_densepose1480.png,tshirt1480_densepose1480.png,tshirt1480_openpose1480.png
tshirt_1483.png,tshirt1481_openpose1481.png,tshirt1481_densepose1481.png,tshirt1481_densepose1481.png,tshirt1481_openpose1481.png
tshirt_1484.png,tshirt1482_openpose1482.png,tshirt1482_densepose1482.png,tshirt1482_densepose1482.png,tshirt1482_openpose1482.png
tshirt_1485.png,tshirt1483_openpose1483.png,tshirt1483_densepose1483.png,tshirt1483_densepose1483.png,tshirt1483_openpose1483.png
tshirt_1486.png,tshirt1484_openpose1484.png,tshirt1484_densepose1484.png,tshirt1484_densepose1484.png,tshirt1484_openpose1484.png
tshirt_1487.png,tshirt1485_openpose1485.png,tshirt1485_densepose1485.png,tshirt1485_densepose1485.png,tshirt1485_openpose1485.png
tshirt_1488.png,tshirt1486_openpose1486.png,tshirt1486_densepose1486.png,tshirt1486_densepose1486.png,tshirt1486_openpose1486.png
tshirt_1489.png,tshirt1487_openpose1487.png,tshirt1487_densepose1487.png,tshirt1487_densepose1487.png,tshirt1487_openpose1487.png
tshirt_1490.png,tshirt1488_openpose1488.png,tshirt1488_densepose1488.png,tshirt1488_densepose1488.png,tshirt1488_openpose1488.png
tshirt_1491.png,tshirt1489_openpose1489.png,tshirt1489_densepose1489.png,tshirt1489_densepose1489.png,tshirt1489_openpose1489.png
tshirt_1492.png,tshirt1490_openpose1490.png,tshirt1490_densepose1490.png,tshirt1490_densepose1490.png,tshirt1490_openpose1490.png
tshirt_1493.png,tshirt1491_openpose1491.png,tshirt1491_densepose1491.png,tshirt1491_densepose1491.png,tshirt1491_openpose1491.png
tshirt_1494.png,tshirt1492_openpose1492.png,tshirt1492_densepose1492.png,tshirt1492_densepose1492.png,tshirt1492_openpose1492.png
tshirt_1495.png,tshirt1493_openpose1493.png,tshirt1493_densepose1493.png,tshirt1493_densepose1493.png,tshirt1493_openpose1493.png
tshirt_1496.png,tshirt1494_openpose1494.png,tshirt1494_densepose1494.png,tshirt1494_densepose1494.png,tshirt1494_openpose1494.png
tshirt_1497.png,tshirt1495_openpose1495.png,tshirt1495_densepose1495.png,tshirt1495_densepose1495.png,tshirt1495_openpose1495.png
tshirt_1498.png,tshirt1496_openpose1496.png,tshirt1496_densepose1496.png,tshirt1496_densepose1496.png,tshirt1496_openpose1496.png
tshirt_1499.png,tshirt1497_openpose1497.png,tshirt1497_densepose1497.png,tshirt1497_densepose1497.png,tshirt1497_openpose1497.png
tshirt_1500.png,tshirt1498_openpose1498.png,tshirt1498_densepose1498.png,tshirt1498_densepose1498.png,tshirt1498_openpose1498.png
tshirt_1501.png,tshirt1499_openpose1499.png,tshirt1499_densepose1499.png,tshirt1499_densepose1499.png,tshirt1499_openpose1499.png
tshirt_1502.png,tshirt1500_openpose1500.png,tshirt1500_densepose1500.png,tshirt1500_densepose1500.png,tshirt1500_openpose1500.png
tshirt_1503.png,tshirt1501_openpose1501.png,tshirt1501_densepose1501.png,tshirt1501_densepose1501.png,tshirt1501_openpose1501.png
tshirt_1504.png,tshirt1502_openpose1502.png,tshirt1502_densepose1502.png,tshirt1502_densepose1502.png,tshirt1502_openpose1502.png
tshirt_1505.png,tshirt1503_openpose1503.png,tshirt1503_densepose1503.png,tshirt1503_densepose1503.png,tshirt1503_openpose1503.png
tshirt_1506.png,tshirt1504_openpose1504.png,tshirt1504_densepose1504.png,tshirt1504_densepose1504.png,tshirt1504_openpose1504.png
tshirt_1507.png,tshirt1505_openpose1505.png,tshirt1505_densepose1505.png,tshirt1505_densepose1505.png,tshirt1505_openpose1505.png
tshirt_1508.png,tshirt1506_openpose1506.png,tshirt1506_densepose1506.png,tshirt1506_densepose1506.png,tshirt1506_openpose1506.png
tshirt_1509.png,tshirt1507_openpose1507.png,tshirt1507_densepose1507.png,tshirt1507_densepose1507.png,tshirt1507_openpose1507.png
tshirt_1510.png,tshirt1508_openpose1508.png,tshirt1508_densepose1508.png,tshirt1508_densepose1508.png,tshirt1508_openpose1508.png
tshirt_1511.png,tshirt1509_openpose1509.png,tshirt1509_densepose1509.png,tshirt1509_densepose1509.png,tshirt1509_openpose1509.png
tshirt_1512.png,tshirt1510_openpose1510.png,tshirt1510_densepose1510.png,tshirt1510_densepose1510.png,tshirt1510_openpose1510.png
tshirt_1513.png,tshirt1511_openpose1511.png,tshirt1511_densepose1511.png,tshirt1511_densepose1511.png,tshirt1511_openpose1511.png
tshirt_1514.png,tshirt1512_openpose1512.png,tshirt1512_densepose1512.png,tshirt1512_densepose1512.png,tshirt1512_openpose1512.png
tshirt_1515.png,tshirt1513_openpose1513.png,tshirt1513_densepose1513.png,tshirt1513_densepose1513.png,tshirt1513_openpose1513.png
tshirt_1516.png,tshirt1514_openpose1514.png,tshirt1514_densepose1514.png,tshirt1514_densepose1514.png,tshirt1514_openpose1514.png
tshirt_1517.png,tshirt1515_openpose1515.png,tshirt1515_densepose1515.png,tshirt1515_densepose1515.png,tshirt1515_openpose1515.png
tshirt_1518.png,tshirt1516_openpose1516.png,tshirt1516_densepose1516.png,tshirt1516_densepose1516.png,tshirt1516_openpose1516.png
tshirt_1519.png,tshirt1517_openpose1517.png,tshirt1517_densepose1517.png,tshirt1517_densepose1517.png,tshirt1517_openpose1517.png
tshirt_1520.png,tshirt1518_openpose1518.png,tshirt1518_densepose1518.png,tshirt1518_densepose1518.png,tshirt1518_openpose1518.png
tshirt_1521.png,tshirt1519_openpose1519.png,tshirt1519_densepose1519.png,tshirt1519_densepose1519.png,tshirt1519_openpose1519.png
tshirt_1522.png,tshirt1520_openpose1520.png,tshirt1520_densepose1520.png,tshirt1520_densepose1520.png,tshirt1520_openpose1520.png
tshirt_1523.png,tshirt1521_openpose1521.png,tshirt1521_densepose1521.png,tshirt1521_densepose1521.png,tshirt1521_openpose1521.png
tshirt_1524.png,tshirt1522_openpose1522.png,tshirt1522_densepose1522.png,tshirt1522_densepose1522.png,tshirt1522_openpose1522.png
tshirt_1525.png,tshirt1523_openpose1523.png,tshirt1523_densepose1523.png,tshirt1523_densepose1523.png,tshirt1523_openpose1523.png
tshirt_1526.png,tshirt1524_openpose1524.png,tshirt1524_densepose1524.png,tshirt1524_densepose1524.png,tshirt1524_openpose1524.png
tshirt_1527.png,tshirt1525_openpose1525.png,tshirt1525_densepose1525.png,tshirt1525_densepose1525.png,tshirt1525_openpose1525.png
tshirt_1528.png,tshirt1526_openpose1526.png,tshirt1526_densepose1526.png,tshirt1526_densepose1526.png,tshirt1526_openpose1526.png
tshirt_1529.png,tshirt1527_openpose1527.png,tshirt1527_densepose1527.png,tshirt1527_densepose1527.png,tshirt1527_openpose1527.png
tshirt_1530.png,tshirt1528_openpose1528.png,tshirt1528_densepose1528.png,tshirt1528_densepose1528.png,tshirt1528_openpose1528.png
tshirt_1531.png,tshirt1529_openpose1529.png,tshirt1529_densepose1529.png,tshirt1529_densepose1529.png,tshirt1529_openpose1529.png
tshirt_1532.png,tshirt1530_openpose1530.png,tshirt1530_densepose1530.png,tshirt1530_densepose1530.png,tshirt1530_openpose1530.png
tshirt_1533.png,tshirt1531_openpose1531.png,tshirt1531_densepose1531.png,tshirt1531_densepose1531.png,tshirt1531_openpose1531.png
tshirt_1534.png,tshirt1532_openpose1532.png,tshirt1532_densepose1532.png,tshirt1532_densepose1532.png,tshirt1532_openpose1532.png
tshirt_1535.png,tshirt1533_openpose1533.png,tshirt1533_densepose1533.png,tshirt1533_densepose1533.png,tshirt1533_openpose1533.png
tshirt_1536.png,tshirt1534_openpose1534.png,tshirt1534_densepose1534.png,tshirt1534_densepose1534.png,tshirt1534_openpose1534.png
tshirt_1537.png,tshirt1535_openpose1535.png,tshirt1535_densepose1535.png,tshirt1535_densepose1535.png,tshirt1535_openpose1535.png
tshirt_1538.png,tshirt1536_openpose1536.png,tshirt1536_densepose1536.png,tshirt1536_densepose1536.png,tshirt1536_openpose1536.png
tshirt_1539.png,tshirt1537_openpose1537.png,tshirt1537_densepose1537.png,tshirt1537_densepose1537.png,tshirt1537_openpose1537.png
tshirt_1540.png,tshirt1538_openpose1538.png,tshirt1538_densepose1538.png,tshirt1538_densepose1538.png,tshirt1538_openpose1538.png
tshirt_1541.png,tshirt1539_openpose1539.png,tshirt1539_densepose1539.png,tshirt1539_densepose1539.png,tshirt1539_openpose1539.png
tshirt_1542.png,tshirt1540_openpose1540.png,tshirt1540_densepose1540.png,tshirt1540_densepose1540.png,tshirt1540_openpose1540.png
tshirt_1543.png,tshirt1541_openpose1541.png,tshirt1541_densepose1541.png,tshirt1541_densepose1541.png,tshirt1541_openpose1541.png
tshirt_1544.png,tshirt1542_openpose1542.png,tshirt1542_densepose1542.png,tshirt1542_densepose1542.png,tshirt1542_openpose1542.png
tshirt_1545.png,tshirt1543_openpose1543.png,tshirt1543_densepose1543.png,tshirt1543_densepose1543.png,tshirt1543_openpose1543.png
tshirt_1546.png,tshirt1544_openpose1544.png,tshirt1544_densepose1544.png,tshirt1544_densepose1544.png,tshirt1544_openpose1544.png
tshirt_1547.png,tshirt1545_openpose1545.png,tshirt1545_densepose1545.png,tshirt1545_densepose1545.png,tshirt1545_openpose1545.png
tshirt_1548.png,tshirt1546_openpose1546.png,tshirt1546_densepose1546.png,tshirt1546_densepose1546.png,tshirt1546_openpose1546.png
tshirt_1549.png,tshirt1547_openpose1547.png,tshirt1547_densepose1547.png,tshirt1547_densepose1547.png,tshirt1547_openpose1547.png
tshirt_1550.png,tshirt1548_openpose1548.png,tshirt1548_densepose1548.png,tshirt1548_densepose1548.png,tshirt1548_openpose1548.png
tshirt_1551.png,tshirt1549_openpose1549.png,tshirt1549_densepose1549.png,tshirt1549_densepose1549.png,tshirt1549_openpose1549.png
tshirt_1552.png,tshirt1550_openpose1550.png,tshirt1550_densepose1550.png,tshirt1550_densepose1550.png,tshirt1550_openpose1550.png
tshirt_1553.png,tshirt1551_openpose1551.png,tshirt1551_densepose1551.png,tshirt1551_densepose1551.png,tshirt1551_openpose1551.png
tshirt_1554.png,tshirt1552_openpose1552.png,tshirt1552_densepose1552.png,tshirt1552_densepose1552.png,tshirt1552_openpose1552.png
tshirt_1555.png,tshirt1553_openpose1553.png,tshirt1553_densepose1553.png,tshirt1553_densepose1553.png,tshirt1553_openpose1553.png
tshirt_1556.png,tshirt1554_openpose1554.png,tshirt1554_densepose1554.png,tshirt1554_densepose1554.png,tshirt1554_openpose1554.png
tshirt_1557.png,tshirt1555_openpose1555.png,tshirt1555_densepose1555.png,tshirt1555_densepose1555.png,tshirt1555_openpose1555.png
tshirt_1558.png,tshirt1556_openpose1556.png,tshirt1556_densepose1556.png,tshirt1556_densepose1556.png,tshirt1556_openpose1556.png
tshirt_1559.png,tshirt1557_openpose1557.png,tshirt1557_densepose1557.png,tshirt1557_densepose1557.png,tshirt1557_openpose1557.png
tshirt_1560.png,tshirt1558_openpose1558.png,tshirt1558_densepose1558.png,tshirt1558_densepose1558.png,tshirt1558_openpose1558.png
tshirt_1561.png,tshirt1559_openpose1559.png,tshirt1559_densepose1559.png,tshirt1559_densepose1559.png,tshirt1559_openpose1559.png
tshirt_1562.png,tshirt1560_openpose1560.png,tshirt1560_densepose1560.png,tshirt1560_densepose1560.png,tshirt1560_openpose1560.png
tshirt_1563.png,tshirt1561_openpose1561.png,tshirt1561_densepose1561.png,tshirt1561_densepose1561.png,tshirt1561_openpose1561.png
tshirt_1564.png,tshirt1562_openpose1562.png,tshirt1562_densepose1562.png,tshirt1562_densepose1562.png,tshirt1562_openpose1562.png
tshirt_1565.png,tshirt1563_openpose1563.png,tshirt1563_densepose1563.png,tshirt1563_densepose1563.png,tshirt1563_openpose1563.png
tshirt_1566.png,tshirt1564_openpose1564.png,tshirt1564_densepose1564.png,tshirt1564_densepose1564.png,tshirt1564_openpose1564.png
tshirt_1567.png,tshirt1565_openpose1565.png,tshirt1565_densepose1565.png,tshirt1565_densepose1565.png,tshirt1565_openpose1565.png
tshirt_1568.png,tshirt1566_openpose1566.png,tshirt1566_densepose1566.png,tshirt1566_densepose1566.png,tshirt1566_openpose1566.png
tshirt_1569.png,tshirt1567_openpose1567.png,tshirt1567_densepose1567.png,tshirt1567_densepose1567.png,tshirt1567_openpose1567.png
tshirt_1570.png,tshirt1568_openpose1568.png,tshirt1568_densepose1568.png,tshirt1568_densepose1568.png,tshirt1568_openpose1568.png
tshirt_1571.png,tshirt1569_openpose1569.png,tshirt1569_densepose1569.png,tshirt1569_densepose1569.png,tshirt1569_openpose1569.png
tshirt_1572.png,tshirt1570_openpose1570.png,tshirt1570_densepose1570.png,tshirt1570_densepose1570.png,tshirt1570_openpose1570.png
tshirt_1573.png,tshirt1571_openpose1571.png,tshirt1571_densepose1571.png,tshirt1571_densepose1571.png,tshirt1571_openpose1571.png
tshirt_1574.png,tshirt1572_openpose1572.png,tshirt1572_densepose1572.png,tshirt1572_densepose1572.png,tshirt1572_openpose1572.png
tshirt_1575.png,tshirt1573_openpose1573.png,tshirt1573_densepose1573.png,tshirt1573_densepose1573.png,tshirt1573_openpose1573.png
tshirt_1576.png,tshirt1574_openpose1574.png,tshirt1574_densepose1574.png,tshirt1574_densepose1574.png,tshirt1574_openpose1574.png
tshirt_1577.png,tshirt1575_openpose1575.png,tshirt1575_densepose1575.png,tshirt1575_densepose1575.png,tshirt1575_openpose1575.png
tshirt_1578.png,tshirt1576_openpose1576.png,tshirt1576_densepose1576.png,tshirt1576_densepose1576.png,tshirt1576_openpose1576.png
tshirt_1579.png,tshirt1577_openpose1577.png,tshirt1577_densepose1577.png,tshirt1577_densepose1577.png,tshirt1577_openpose1577.png
tshirt_1580.png,tshirt1578_openpose1578.png,tshirt1578_densepose1578.png,tshirt1578_densepose1578.png,tshirt1578_openpose1578.png
tshirt_1581.png,tshirt1579_openpose1579.png,tshirt1579_densepose1579.png,tshirt1579_densepose1579.png,tshirt1579_openpose1579.png
tshirt_1582.png,tshirt1580_openpose1580.png,tshirt1580_densepose1580.png,tshirt1580_densepose1580.png,tshirt1580_openpose1580.png
tshirt_1583.png,tshirt1581_openpose1581.png,tshirt1581_densepose1581.png,tshirt1581_densepose1581.png,tshirt1581_openpose1581.png
tshirt_1584.png,tshirt1582_openpose1582.png,tshirt1582_densepose1582.png,tshirt1582_densepose1582.png,tshirt1582_openpose1582.png
tshirt_1585.png,tshirt1583_openpose1583.png,tshirt1583_densepose1583.png,tshirt1583_densepose1583.png,tshirt1583_openpose1583.png
tshirt_1586.png,tshirt1584_openpose1584.png,tshirt1584_densepose1584.png,tshirt1584_densepose1584.png,tshirt1584_openpose1584.png
tshirt_1587.png,tshirt1585_openpose1585.png,tshirt1585_densepose1585.png,tshirt1585_densepose1585.png,tshirt1585_openpose1585.png
tshirt_1588.png,tshirt1586_openpose1586.png,tshirt1586_densepose1586.png,tshirt1586_densepose1586.png,tshirt1586_openpose1586.png
tshirt_1589.png,tshirt1587_openpose1587.png,tshirt1587_densepose1587.png,tshirt1587_densepose1587.png,tshirt1587_openpose1587.png
tshirt_1590.png,tshirt1588_openpose1588.png,tshirt1588_densepose1588.png,tshirt1588_densepose1588.png,tshirt1588_openpose1588.png
tshirt_1591.png,tshirt1589_openpose1589.png,tshirt1589_densepose1589.png,tshirt1589_densepose1589.png,tshirt1589_openpose1589.png
tshirt_1592.png,tshirt1590_openpose1590.png,tshirt1590_densepose1590.png,tshirt1590_densepose1590.png,tshirt1590_openpose1590.png
tshirt_1593.png,tshirt1591_openpose1591.png,tshirt1591_densepose1591.png,tshirt1591_densepose1591.png,tshirt1591_openpose1591.png
tshirt_1594.png,tshirt1592_openpose1592.png,tshirt1592_densepose1592.png,tshirt1592_densepose1592.png,tshirt1592_openpose1592.png
tshirt_1595.png,tshirt1593_openpose1593.png,tshirt1593_densepose1593.png,tshirt1593_densepose1593.png,tshirt1593_openpose1593.png
tshirt_1596.png,tshirt1594_openpose1594.png,tshirt1594_densepose1594.png,tshirt1594_densepose1594.png,tshirt1594_openpose1594.png
tshirt_1597.png,tshirt1595_openpose1595.png,tshirt1595_densepose1595.png,tshirt1595_densepose1595.png,tshirt1595_openpose1595.png
tshirt_1598.png,tshirt1596_openpose1596.png,tshirt1596_densepose1596.png,tshirt1596_densepose1596.png,tshirt1596_openpose1596.png
tshirt_1599.png,tshirt1597_openpose1597.png,tshirt1597_densepose1597.png,tshirt1597_densepose1597.png,tshirt1597_openpose1597.png
tshirt_1600.png,tshirt1598_openpose1598.png,tshirt1598_densepose1598.png,tshirt1598_densepose1598.png,tshirt1598_openpose1598.png
tshirt_1601.png,tshirt1599_openpose1599.png,tshirt1599_densepose1599.png,tshirt1599_densepose1599.png,tshirt1599_openpose1599.png
tshirt_1602.png,tshirt1600_openpose1600.png,tshirt1600_densepose1600.png,tshirt1600_densepose1600.png,tshirt1600_openpose1600.png
tshirt_1603.png,tshirt1601_openpose1601.png,tshirt1601_densepose1601.png,tshirt1601_densepose1601.png,tshirt1601_openpose1601.png
tshirt_1604.png,tshirt1602_openpose1602.png,tshirt1602_densepose1602.png,tshirt1602_densepose1602.png,tshirt1602_openpose1602.png
tshirt_1605.png,tshirt1603_openpose1603.png,tshirt1603_densepose1603.png,tshirt1603_densepose1603.png,tshirt1603_openpose1603.png
tshirt_1606.png,tshirt1604_openpose1604.png,tshirt1604_densepose1604.png,tshirt1604_densepose1604.png,tshirt1604_openpose1604.png
tshirt_1607.png,tshirt1605_openpose1605.png,tshirt1605_densepose1605.png,tshirt1605_densepose1605.png,tshirt1605_openpose1605.png
tshirt_1608.png,tshirt1606_openpose1606.png,tshirt1606_densepose1606.png,tshirt1606_densepose1606.png,tshirt1606_openpose1606.png
tshirt_1609.png,tshirt1607_openpose1607.png,tshirt1607_densepose1607.png,tshirt1607_densepose1607.png,tshirt1607_openpose1607.png
tshirt_1610.png,tshirt1608_openpose1608.png,tshirt1608_densepose1608.png,tshirt1608_densepose1608.png,tshirt1608_openpose1608.png
tshirt_1611.png,tshirt1609_openpose1609.png,tshirt1609_densepose1609.png,tshirt1609_densepose1609.png,tshirt1609_openpose1609.png
tshirt_1612.png,tshirt1610_openpose1610.png,tshirt1610_densepose1610.png,tshirt1610_densepose1610.png,tshirt1610_openpose1610.png
tshirt_1613.png,tshirt1611_openpose1611.png,tshirt1611_densepose1611.png,tshirt1611_densepose1611.png,tshirt1611_openpose1611.png
tshirt_1614.png,tshirt1612_openpose1612.png,tshirt1612_densepose1612.png,tshirt1612_densepose1612.png,tshirt1612_openpose1612.png
tshirt_1615.png,tshirt1613_openpose1613.png,tshirt1613_densepose1613.png,tshirt1613_densepose1613.png,tshirt1613_openpose1613.png
tshirt_1616.png,tshirt1614_openpose1614.png,tshirt1614_densepose1614.png,tshirt1614_densepose1614.png,tshirt1614_openpose1614.png
tshirt_1617.png,tshirt1615_openpose1615.png,tshirt1615_densepose1615.png,tshirt1615_densepose1615.png,tshirt1615_openpose1615.png
tshirt_1618.png,tshirt1616_openpose1616.png,tshirt1616_densepose1616.png,tshirt1616_densepose1616.png,tshirt1616_openpose1616.png
tshirt_1619.png,tshirt1617_openpose1617.png,tshirt1617_densepose1617.png,tshirt1617_densepose1617.png,tshirt1617_openpose1617.png
tshirt_1620.png,tshirt1618_openpose1618.png,tshirt1618_densepose1618.png,tshirt1618_densepose1618.png,tshirt1618_openpose1618.png
tshirt_1621.png,tshirt1619_openpose1619.png,tshirt1619_densepose1619.png,tshirt1619_densepose1619.png,tshirt1619_openpose1619.png
tshirt_1622.png,tshirt1620_openpose1620.png,tshirt1620_densepose1620.png,tshirt1620_densepose1620.png,tshirt1620_openpose1620.png
tshirt_1623.png,tshirt1621_openpose1621.png,tshirt1621_densepose1621.png,tshirt1621_densepose1621.png,tshirt1621_openpose1621.png
tshirt_1624.png,tshirt1622_openpose1622.png,tshirt1622_densepose1622.png,tshirt1622_densepose1622.png,tshirt1622_openpose1622.png
tshirt_1625.png,tshirt1623_openpose1623.png,tshirt1623_densepose1623.png,tshirt1623_densepose1623.png,tshirt1623_openpose1623.png
tshirt_1626.png,tshirt1624_openpose1624.png,tshirt1624_densepose1624.png,tshirt1624_densepose1624.png,tshirt1624_openpose1624.png
tshirt_1627.png,tshirt1625_openpose1625.png,tshirt1625_densepose1625.png,tshirt1625_densepose1625.png,tshirt1625_openpose1625.png
tshirt_1628.png,tshirt1626_openpose1626.png,tshirt1626_densepose1626.png,tshirt1626_densepose1626.png,tshirt1626_openpose1626.png
tshirt_1629.png,tshirt1627_openpose1627.png,tshirt1627_densepose1627.png,tshirt1627_densepose1627.png,tshirt1627_openpose1627.png
tshirt_1630.png,tshirt1628_openpose1628.png,tshirt1628_densepose1628.png,tshirt1628_densepose1628.png,tshirt1628_openpose1628.png
tshirt_1631.png,tshirt1629_openpose1629.png,tshirt1629_densepose1629.png,tshirt1629_densepose1629.png,tshirt1629_openpose1629.png
tshirt_1632.png,tshirt1630_openpose1630.png,tshirt1630_densepose1630.png,tshirt1630_densepose1630.png,tshirt1630_openpose1630.png
tshirt_1633.png,tshirt1631_openpose1631.png,tshirt1631_densepose1631.png,tshirt1631_densepose1631.png,tshirt1631_openpose1631.png
tshirt_1634.png,tshirt1632_openpose1632.png,tshirt1632_densepose1632.png,tshirt1632_densepose1632.png,tshirt1632_openpose1632.png
tshirt_1635.png,tshirt1633_openpose1633.png,tshirt1633_densepose1633.png,tshirt1633_densepose1633.png,tshirt1633_openpose1633.png
tshirt_1636.png,tshirt1634_openpose1634.png,tshirt1634_densepose1634.png,tshirt1634_densepose1634.png,tshirt1634_openpose1634.png
tshirt_1637.png,tshirt1635_openpose1635.png,tshirt1635_densepose1635.png,tshirt1635_densepose1635.png,tshirt1635_openpose1635.png
tshirt_1638.png,tshirt1636_openpose1636.png,tshirt1636_densepose1636.png,tshirt1636_densepose1636.png,tshirt1636_openpose1636.png
tshirt_1639.png,tshirt1637_openpose1637.png,tshirt1637_densepose1637.png,tshirt1637_densepose1637.png,tshirt1637_openpose1637.png
tshirt_1640.png,tshirt1638_openpose1638.png,tshirt1638_densepose1638.png,tshirt1638_densepose1638.png,tshirt1638_openpose1638.png
tshirt_1641.png,tshirt1639_openpose1639.png,tshirt1639_densepose1639.png,tshirt1639_densepose1639.png,tshirt1639_openpose1639.png
tshirt_1642.png,tshirt1640_openpose1640.png,tshirt1640_densepose1640.png,tshirt1640_densepose1640.png,tshirt1640_openpose1640.png
tshirt_1643.png,tshirt1641_openpose1641.png,tshirt1641_densepose1641.png,tshirt1641_densepose1641.png,tshirt1641_openpose1641.png
tshirt_1644.png,tshirt1642_openpose1642.png,tshirt1642_densepose1642.png,tshirt1642_densepose1642.png,tshirt1642_openpose1642.png
tshirt_1645.png,tshirt1643_openpose1643.png,tshirt1643_densepose1643.png,tshirt1643_densepose1643.png,tshirt1643_openpose1643.png
tshirt_1646.png,tshirt1644_openpose1644.png,tshirt1644_densepose1644.png,tshirt1644_densepose1644.png,tshirt1644_openpose1644.png
tshirt_1647.png,tshirt1645_openpose1645.png,tshirt1645_densepose1645.png,tshirt1645_densepose1645.png,tshirt1645_openpose1645.png
tshirt_1648.png,tshirt1646_openpose1646.png,tshirt1646_densepose1646.png,tshirt1646_densepose1646.png,tshirt1646_openpose1646.png
tshirt_1649.png,tshirt1647_openpose1647.png,tshirt1647_densepose1647.png,tshirt1647_densepose1647.png,tshirt1647_openpose1647.png
tshirt_1650.png,tshirt1648_openpose1648.png,tshirt1648_densepose1648.png,tshirt1648_densepose1648.png,tshirt1648_openpose1648.png
tshirt_1651.png,tshirt1649_openpose1649.png,tshirt1649_densepose1649.png,tshirt1649_densepose1649.png,tshirt1649_openpose1649.png
tshirt_1652.png,tshirt1650_openpose1650.png,tshirt1650_densepose1650.png,tshirt1650_densepose1650.png,tshirt1650_openpose1650.png
tshirt_1653.png,tshirt1651_openpose1651.png,tshirt1651_densepose1651.png,tshirt1651_densepose1651.png,tshirt1651_openpose1651.png
tshirt_1654.png,tshirt1652_openpose1652.png,tshirt1652_densepose1652.png,tshirt1652_densepose1652.png,tshirt1652_openpose1652.png
tshirt_1655.png,tshirt1653_openpose1653.png,tshirt1653_densepose1653.png,tshirt1653_densepose1653.png,tshirt1653_openpose1653.png
tshirt_1656.png,tshirt1654_openpose1654.png,tshirt1654_densepose1654.png,tshirt1654_densepose1654.png,tshirt1654_openpose1654.png
tshirt_1657.png,tshirt1655_openpose1655.png,tshirt1655_densepose1655.png,tshirt1655_densepose1655.png,tshirt1655_openpose1655.png
tshirt_1658.png,tshirt1656_openpose1656.png,tshirt1656_densepose1656.png,tshirt1656_densepose1656.png,tshirt1656_openpose1656.png
tshirt_1659.png,tshirt1657_openpose1657.png,tshirt1657_densepose1657.png,tshirt1657_densepose1657.png,tshirt1657_openpose1657.png
tshirt_1660.png,tshirt1658_openpose1658.png,tshirt1658_densepose1658.png,tshirt1658_densepose1658.png,tshirt1658_openpose1658.png
tshirt_1661.png,tshirt1659_openpose1659.png,tshirt1659_densepose1659.png,tshirt1659_densepose1659.png,tshirt1659_openpose1659.png
tshirt_1662.png,tshirt1660_openpose1660.png,tshirt1660_densepose1660.png,tshirt1660_densepose1660.png,tshirt1660_openpose1660.png
tshirt_1663.png,tshirt1661_openpose1661.png,tshirt1661_densepose1661.png,tshirt1661_densepose1661.png,tshirt1661_openpose1661.png
tshirt_1664.png,tshirt1662_openpose1662.png,tshirt1662_densepose1662.png,tshirt1662_densepose1662.png,tshirt1662_openpose1662.png
tshirt_1665.png,tshirt1663_openpose1663.png,tshirt1663_densepose1663.png,tshirt1663_densepose1663.png,tshirt1663_openpose1663.png
tshirt_1666.png,tshirt1664_openpose1664.png,tshirt1664_densepose1664.png,tshirt1664_densepose1664.png,tshirt1664_openpose1664.png
tshirt_1667.png,tshirt1665_openpose1665.png,tshirt1665_densepose1665.png,tshirt1665_densepose1665.png,tshirt1665_openpose1665.png
tshirt_1668.png,tshirt1666_openpose1666.png,tshirt1666_densepose1666.png,tshirt1666_densepose1666.png,tshirt1666_openpose1666.png
tshirt_1669.png,tshirt1667_openpose1667.png,tshirt1667_densepose1667.png,tshirt1667_densepose1667.png,tshirt1667_openpose1667.png
tshirt_1670.png,tshirt1668_openpose1668.png,tshirt1668_densepose1668.png,tshirt1668_densepose1668.png,tshirt1668_openpose1668.png
tshirt_1671.png,tshirt1669_openpose1669.png,tshirt1669_densepose1669.png,tshirt1669_densepose1669.png,tshirt1669_openpose1669.png
tshirt_1672.png,tshirt1670_openpose1670.png,tshirt1670_densepose1670.png,tshirt1670_densepose1670.png,tshirt1670_openpose1670.png
tshirt_1673.png,tshirt1671_openpose1671.png,tshirt1671_densepose1671.png,tshirt1671_densepose1671.png,tshirt1671_openpose1671.png
tshirt_1674.png,tshirt1672_openpose1672.png,tshirt1672_densepose1672.png,tshirt1672_densepose1672.png,tshirt1672_openpose1672.png
tshirt_1675.png,tshirt1673_openpose1673.png,tshirt1673_densepose1673.png,tshirt1673_densepose1673.png,tshirt1673_openpose1673.png
tshirt_1676.png,tshirt1674_openpose1674.png,tshirt1674_densepose1674.png,tshirt1674_densepose1674.png,tshirt1674_openpose1674.png
tshirt_1677.png,tshirt1675_openpose1675.png,tshirt1675_densepose1675.png,tshirt1675_densepose1675.png,tshirt1675_openpose1675.png
tshirt_1678.png,tshirt1676_openpose1676.png,tshirt1676_densepose1676.png,tshirt1676_densepose1676.png,tshirt1676_openpose1676.png
tshirt_1679.png,tshirt1677_openpose1677.png,tshirt1677_densepose1677.png,tshirt1677_densepose1677.png,tshirt1677_openpose1677.png
tshirt_1680.png,tshirt1678_openpose1678.png,tshirt1678_densepose1678.png,tshirt1678_densepose1678.png,tshirt1678_openpose1678.png
tshirt_1681.png,tshirt1679_openpose1679.png,tshirt1679_densepose1679.png,tshirt1679_densepose1679.png,tshirt1679_openpose1679.png
tshirt_1682.png,tshirt1680_openpose1680.png,tshirt1680_densepose1680.png,tshirt1680_densepose1680.png,tshirt1680_openpose1680.png
tshirt_1683.png,tshirt1681_openpose1681.png,tshirt1681_densepose1681.png,tshirt1681_densepose1681.png,tshirt1681_openpose1681.png
tshirt_1684.png,tshirt1682_openpose1682.png,tshirt1682_densepose1682.png,tshirt1682_densepose1682.png,tshirt1682_openpose1682.png
tshirt_1685.png,tshirt1683_openpose1683.png,tshirt1683_densepose1683.png,tshirt1683_densepose1683.png,tshirt1683_openpose1683.png
tshirt_1686.png,tshirt1684_openpose1684.png,tshirt1684_densepose1684.png,tshirt1684_densepose1684.png,tshirt1684_openpose1684.png
tshirt_1687.png,tshirt1685_openpose1685.png,tshirt1685_densepose1685.png,tshirt1685_densepose1685.png,tshirt1685_openpose1685.png
tshirt_1688.png,tshirt1686_openpose1686.png,tshirt1686_densepose1686.png,tshirt1686_densepose1686.png,tshirt1686_openpose1686.png
tshirt_1689.png,tshirt1687_openpose1687.png,tshirt1687_densepose1687.png,tshirt1687_densepose1687.png,tshirt1687_openpose1687.png
tshirt_1690.png,tshirt1688_openpose1688.png,tshirt1688_densepose1688.png,tshirt1688_densepose1688.png,tshirt1688_openpose1688.png
tshirt_1691.png,tshirt1689_openpose1689.png,tshirt1689_densepose1689.png,tshirt1689_densepose1689.png,tshirt1689_openpose1689.png
tshirt_1692.png,tshirt1690_openpose1690.png,tshirt1690_densepose1690.png,tshirt1690_densepose1690.png,tshirt1690_openpose1690.png
tshirt_1693.png,tshirt1691_openpose1691.png,tshirt1691_densepose1691.png,tshirt1691_densepose1691.png,tshirt1691_openpose1691.png
tshirt_1694.png,tshirt1692_openpose1692.png,tshirt1692_densepose1692.png,tshirt1692_densepose1692.png,tshirt1692_openpose1692.png
tshirt_1695.png,tshirt1693_openpose1693.png,tshirt1693_densepose1693.png,tshirt1693_densepose1693.png,tshirt1693_openpose1693.png
tshirt_1696.png,tshirt1694_openpose1694.png,tshirt1694_densepose1694.png,tshirt1694_densepose1694.png,tshirt1694_openpose1694.png
tshirt_1697.png,tshirt1695_openpose1695.png,tshirt1695_densepose1695.png,tshirt1695_densepose1695.png,tshirt1695_openpose1695.png
tshirt_1698.png,tshirt1696_openpose1696.png,tshirt1696_densepose1696.png,tshirt1696_densepose1696.png,tshirt1696_openpose1696.png
tshirt_1699.png,tshirt1697_openpose1697.png,tshirt1697_densepose1697.png,tshirt1697_densepose1697.png,tshirt1697_openpose1697.png
tshirt_1700.png,tshirt1698_openpose1698.png,tshirt1698_densepose1698.png,tshirt1698_densepose1698.png,tshirt1698_openpose1698.png
tshirt_1701.png,tshirt1699_openpose1699.png,tshirt1699_densepose1699.png,tshirt1699_densepose1699.png,tshirt1699_openpose1699.png
tshirt_1702.png,tshirt1700_openpose1700.png,tshirt1700_densepose1700.png,tshirt1700_densepose1700.png,tshirt1700_openpose1700.png
tshirt_1703.png,tshirt1701_openpose1701.png,tshirt1701_densepose1701.png,tshirt1701_densepose1701.png,tshirt1701_openpose1701.png
tshirt_1704.png,tshirt1702_openpose1702.png,tshirt1702_densepose1702.png,tshirt1702_densepose1702.png,tshirt1702_openpose1702.png
tshirt_1705.png,tshirt1703_openpose1703.png,tshirt1703_densepose1703.png,tshirt1703_densepose1703.png,tshirt1703_openpose1703.png
tshirt_1706.png,tshirt1704_openpose1704.png,tshirt1704_densepose1704.png,tshirt1704_densepose1704.png,tshirt1704_openpose1704.png
tshirt_1707.png,tshirt1705_openpose1705.png,tshirt1705_densepose1705.png,tshirt1705_densepose1705.png,tshirt1705_openpose1705.png
tshirt_1708.png,tshirt1706_openpose1706.png,tshirt1706_densepose1706.png,tshirt1706_densepose1706.png,tshirt1706_openpose1706.png
tshirt_1709.png,tshirt1707_openpose1707.png,tshirt1707_densepose1707.png,tshirt1707_densepose1707.png,tshirt1707_openpose1707.png
tshirt_1710.png,tshirt1708_openpose1708.png,tshirt1708_densepose1708.png,tshirt1708_densepose1708.png,tshirt1708_openpose1708.png
tshirt_1711.png,tshirt1709_openpose1709.png,tshirt1709_densepose1709.png,tshirt1709_densepose1709.png,tshirt1709_openpose1709.png
tshirt_1712.png,tshirt1710_openpose1710.png,tshirt1710_densepose1710.png,tshirt1710_densepose1710.png,tshirt1710_openpose1710.png
tshirt_1713.png,tshirt1711_openpose1711.png,tshirt1711_densepose1711.png,tshirt1711_densepose1711.png,tshirt1711_openpose1711.png
tshirt_1714.png,tshirt1712_openpose1712.png,tshirt1712_densepose1712.png,tshirt1712_densepose1712.png,tshirt1712_openpose1712.png
tshirt_1715.png,tshirt1713_openpose1713.png,tshirt1713_densepose1713.png,tshirt1713_densepose1713.png,tshirt1713_openpose1713.png
tshirt_1716.png,tshirt1714_openpose1714.png,tshirt1714_densepose1714.png,tshirt1714_densepose1714.png,tshirt1714_openpose1714.png
tshirt_1717.png,tshirt1715_openpose1715.png,tshirt1715_densepose1715.png,tshirt1715_densepose1715.png,tshirt1715_openpose1715.png
tshirt_1718.png,tshirt1716_openpose1716.png,tshirt1716_densepose1716.png,tshirt1716_densepose1716.png,tshirt1716_openpose1716.png
tshirt_1719.png,tshirt1717_openpose1717.png,tshirt1717_densepose1717.png,tshirt1717_densepose1717.png,tshirt1717_openpose1717.png
tshirt_1720.png,tshirt1718_openpose1718.png,tshirt1718_densepose1718.png,tshirt1718_densepose1718.png,tshirt1718_openpose1718.png
tshirt_1721.png,tshirt1719_openpose1719.png,tshirt1719_densepose1719.png,tshirt1719_densepose1719.png,tshirt1719_openpose1719.png
tshirt_1722.png,tshirt1720_openpose1720.png,tshirt1720_densepose1720.png,tshirt1720_densepose1720.png,tshirt1720_openpose1720.png
tshirt_1723.png,tshirt1721_openpose1721.png,tshirt1721_densepose1721.png,tshirt1721_densepose1721.png,tshirt1721_openpose1721.png
tshirt_1724.png,tshirt1722_openpose1722.png,tshirt1722_densepose1722.png,tshirt1722_densepose1722.png,tshirt1722_openpose1722.png
tshirt_1725.png,tshirt1723_openpose1723.png,tshirt1723_densepose1723.png,tshirt1723_densepose1723.png,tshirt1723_openpose1723.png
tshirt_1726.png,tshirt1724_openpose1724.png,tshirt1724_densepose1724.png,tshirt1724_densepose1724.png,tshirt1724_openpose1724.png
tshirt_1727.png,tshirt1725_openpose1725.png,tshirt1725_densepose1725.png,tshirt1725_densepose1725.png,tshirt1725_openpose1725.png
tshirt_1728.png,tshirt1726_openpose1726.png,tshirt1726_densepose1726.png,tshirt1726_densepose1726.png,tshirt1726_openpose1726.png
tshirt_1729.png,tshirt1727_openpose1727.png,tshirt1727_densepose1727.png,tshirt1727_densepose1727.png,tshirt1727_openpose1727.png
tshirt_1730.png,tshirt1728_openpose1728.png,tshirt1728_densepose1728.png,tshirt1728_densepose1728.png,tshirt1728_openpose1728.png
tshirt_1731.png,tshirt1729_openpose1729.png,tshirt1729_densepose1729.png,tshirt1729_densepose1729.png,tshirt1729_openpose1729.png
tshirt_1732.png,tshirt1730_openpose1730.png,tshirt1730_densepose1730.png,tshirt1730_densepose1730.png,tshirt1730_openpose1730.png
tshirt_1733.png,tshirt1731_openpose1731.png,tshirt1731_densepose1731.png,tshirt1731_densepose1731.png,tshirt1731_openpose1731.png
tshirt_1734.png,tshirt1732_openpose1732.png,tshirt1732_densepose1732.png,tshirt1732_densepose1732.png,tshirt1732_openpose1732.png
tshirt_1735.png,tshirt1733_openpose1733.png,tshirt1733_densepose1733.png,tshirt1733_densepose1733.png,tshirt1733_openpose1733.png
tshirt_1736.png,tshirt1734_openpose1734.png,tshirt1734_densepose1734.png,tshirt1734_densepose1734.png,tshirt1734_openpose1734.png
tshirt_1737.png,tshirt1735_openpose1735.png,tshirt1735_densepose1735.png,tshirt1735_densepose1735.png,tshirt1735_openpose1735.png
tshirt_1738.png,tshirt1736_openpose1736.png,tshirt1736_densepose1736.png,tshirt1736_densepose1736.png,tshirt1736_openpose1736.png
tshirt_1739.png,tshirt1737_openpose1737.png,tshirt1737_densepose1737.png,tshirt1737_densepose1737.png,tshirt1737_openpose1737.png
tshirt_1740.png,tshirt1738_openpose1738.png,tshirt1738_densepose1738.png,tshirt1738_densepose1738.png,tshirt1738_openpose1738.png
tshirt_1741.png,tshirt1739_openpose1739.png,tshirt1739_densepose1739.png,tshirt1739_densepose1739.png,tshirt1739_openpose1739.png
tshirt_1742.png,tshirt1740_openpose1740.png,tshirt1740_densepose1740.png,tshirt1740_densepose1740.png,tshirt1740_openpose1740.png
tshirt_1743.png,tshirt1741_openpose1741.png,tshirt1741_densepose1741.png,tshirt1741_densepose1741.png,tshirt1741_openpose1741.png
tshirt_1744.png,tshirt1742_openpose1742.png,tshirt1742_densepose1742.png,tshirt1742_densepose1742.png,tshirt1742_openpose1742.png
tshirt_1745.png,tshirt1743_openpose1743.png,tshirt1743_densepose1743.png,tshirt1743_densepose1743.png,tshirt1743_openpose1743.png
tshirt_1746.png,tshirt1744_openpose1744.png,tshirt1744_densepose1744.png,tshirt1744_densepose1744.png,tshirt1744_openpose1744.png
tshirt_1747.png,tshirt1745_openpose1745.png,tshirt1745_densepose1745.png,tshirt1745_densepose1745.png,tshirt1745_openpose1745.png
tshirt_1748.png,tshirt1746_openpose1746.png,tshirt1746_densepose1746.png,tshirt1746_densepose1746.png,tshirt1746_openpose1746.png
tshirt_1749.png,tshirt1747_openpose1747.png,tshirt1747_densepose1747.png,tshirt1747_densepose1747.png,tshirt1747_openpose1747.png
tshirt_1750.png,tshirt1748_openpose1748.png,tshirt1748_densepose1748.png,tshirt1748_densepose1748.png,tshirt1748_openpose1748.png
tshirt_1751.png,tshirt1749_openpose1749.png,tshirt1749_densepose1749.png,tshirt1749_densepose1749.png,tshirt1749_openpose1749.png
tshirt_1752.png,tshirt1750_openpose1750.png,tshirt1750_densepose1750.png,tshirt1750_densepose1750.png,tshirt1750_openpose1750.png
tshirt_1753.png,tshirt1751_openpose1751.png,tshirt1751_densepose1751.png,tshirt1751_densepose1751.png,tshirt1751_openpose1751.png
tshirt_1754.png,tshirt1752_openpose1752.png,tshirt1752_densepose1752.png,tshirt1752_densepose1752.png,tshirt1752_openpose1752.png
tshirt_1755.png,tshirt1753_openpose1753.png,tshirt1753_densepose1753.png,tshirt1753_densepose1753.png,tshirt1753_openpose1753.png
tshirt_1756.png,tshirt1754_openpose1754.png,tshirt1754_densepose1754.png,tshirt1754_densepose1754.png,tshirt1754_openpose1754.png
tshirt_1757.png,tshirt1755_openpose1755.png,tshirt1755_densepose1755.png,tshirt1755_densepose1755.png,tshirt1755_openpose1755.png
tshirt_1758.png,tshirt1756_openpose1756.png,tshirt1756_densepose1756.png,tshirt1756_densepose1756.png,tshirt1756_openpose1756.png
tshirt_1759.png,tshirt1757_openpose1757.png,tshirt1757_densepose1757.png,tshirt1757_densepose1757.png,tshirt1757_openpose1757.png
tshirt_1760.png,tshirt1758_openpose1758.png,tshirt1758_densepose1758.png,tshirt1758_densepose1758.png,tshirt1758_openpose1758.png
tshirt_1761.png,tshirt1759_openpose1759.png,tshirt1759_densepose1759.png,tshirt1759_densepose1759.png,tshirt1759_openpose1759.png
tshirt_1762.png,tshirt1760_openpose1760.png,tshirt1760_densepose1760.png,tshirt1760_densepose1760.png,tshirt1760_openpose1760.png
tshirt_1763.png,tshirt1761_openpose1761.png,tshirt1761_densepose1761.png,tshirt1761_densepose1761.png,tshirt1761_openpose1761.png
tshirt_1764.png,tshirt1762_openpose1762.png,tshirt1762_densepose1762.png,tshirt1762_densepose1762.png,tshirt1762_openpose1762.png
tshirt_1765.png,tshirt1763_openpose1763.png,tshirt1763_densepose1763.png,tshirt1763_densepose1763.png,tshirt1763_openpose1763.png
tshirt_1766.png,tshirt1764_openpose1764.png,tshirt1764_densepose1764.png,tshirt1764_densepose1764.png,tshirt1764_openpose1764.png
tshirt_1767.png,tshirt1765_openpose1765.png,tshirt1765_densepose1765.png,tshirt1765_densepose1765.png,tshirt1765_openpose1765.png
tshirt_1768.png,tshirt1766_openpose1766.png,tshirt1766_densepose1766.png,tshirt1766_densepose1766.png,tshirt1766_openpose1766.png
tshirt_1769.png,tshirt1767_openpose1767.png,tshirt1767_densepose1767.png,tshirt1767_densepose1767.png,tshirt1767_openpose1767.png
tshirt_1770.png,tshirt1768_openpose1768.png,tshirt1768_densepose1768.png,tshirt1768_densepose1768.png,tshirt1768_openpose1768.png
tshirt_1771.png,tshirt1769_openpose1769.png,tshirt1769_densepose1769.png,tshirt1769_densepose1769.png,tshirt1769_openpose1769.png
tshirt_1772.png,tshirt1770_openpose1770.png,tshirt1770_densepose1770.png,tshirt1770_densepose1770.png,tshirt1770_openpose1770.png
tshirt_1773.png,tshirt1771_openpose1771.png,tshirt1771_densepose1771.png,tshirt1771_densepose1771.png,tshirt1771_openpose1771.png
tshirt_1774.png,tshirt1772_openpose1772.png,tshirt1772_densepose1772.png,tshirt1772_densepose1772.png,tshirt1772_openpose1772.png
tshirt_1775.png,tshirt1773_openpose1773.png,tshirt1773_densepose1773.png,tshirt1773_densepose1773.png,tshirt1773_openpose1773.png
tshirt_1776.png,tshirt1774_openpose1774.png,tshirt1774_densepose1774.png,tshirt1774_densepose1774.png,tshirt1774_openpose1774.png
tshirt_1777.png,tshirt1775_openpose1775.png,tshirt1775_densepose1775.png,tshirt1775_densepose1775.png,tshirt1775_openpose1775.png
tshirt_1778.png,tshirt1776_openpose1776.png,tshirt1776_densepose1776.png,tshirt1776_densepose1776.png,tshirt1776_openpose1776.png
tshirt_1779.png,tshirt1777_openpose1777.png,tshirt1777_densepose1777.png,tshirt1777_densepose1777.png,tshirt1777_openpose1777.png
tshirt_1780.png,tshirt1778_openpose1778.png,tshirt1778_densepose1778.png,tshirt1778_densepose1778.png,tshirt1778_openpose1778.png
tshirt_1781.png,tshirt1779_openpose1779.png,tshirt1779_densepose1779.png,tshirt1779_densepose1779.png,tshirt1779_openpose1779.png
tshirt_1782.png,tshirt1780_openpose1780.png,tshirt1780_densepose1780.png,tshirt1780_densepose1780.png,tshirt1780_openpose1780.png
tshirt_1783.png,tshirt1781_openpose1781.png,tshirt1781_densepose1781.png,tshirt1781_densepose1781.png,tshirt1781_openpose1781.png
tshirt_1784.png,tshirt1782_openpose1782.png,tshirt1782_densepose1782.png,tshirt1782_densepose1782.png,tshirt1782_openpose1782.png
tshirt_1785.png,tshirt1783_openpose1783.png,tshirt1783_densepose1783.png,tshirt1783_densepose1783.png,tshirt1783_openpose1783.png
tshirt_1786.png,tshirt1784_openpose1784.png,tshirt1784_densepose1784.png,tshirt1784_densepose1784.png,tshirt1784_openpose1784.png
tshirt_1787.png,tshirt1785_openpose1785.png,tshirt1785_densepose1785.png,tshirt1785_densepose1785.png,tshirt1785_openpose1785.png
tshirt_1788.png,tshirt1786_openpose1786.png,tshirt1786_densepose1786.png,tshirt1786_densepose1786.png,tshirt1786_openpose1786.png
tshirt_1789.png,tshirt1787_openpose1787.png,tshirt1787_densepose1787.png,tshirt1787_densepose1787.png,tshirt1787_openpose1787.png
tshirt_1790.png,tshirt1788_openpose1788.png,tshirt1788_densepose1788.png,tshirt1788_densepose1788.png,tshirt1788_openpose1788.png
tshirt_1791.png,tshirt1789_openpose1789.png,tshirt1789_densepose1789.png,tshirt1789_densepose1789.png,tshirt1789_openpose1789.png
tshirt_1792.png,tshirt1790_openpose1790.png,tshirt1790_densepose1790.png,tshirt1790_densepose1790.png,tshirt1790_openpose1790.png
tshirt_1793.png,tshirt1791_openpose1791.png,tshirt1791_densepose1791.png,tshirt1791_densepose1791.png,tshirt1791_openpose1791.png
tshirt_1794.png,tshirt1792_openpose1792.png,tshirt1792_densepose1792.png,tshirt1792_densepose1792.png,tshirt1792_openpose1792.png
tshirt_1795.png,tshirt1793_openpose1793.png,tshirt1793_densepose1793.png,tshirt1793_densepose1793.png,tshirt1793_openpose1793.png
tshirt_1796.png,tshirt1794_openpose1794.png,tshirt1794_densepose1794.png,tshirt1794_densepose1794.png,tshirt1794_openpose1794.png
tshirt_1797.png,tshirt1795_openpose1795.png,tshirt1795_densepose1795.png,tshirt1795_densepose1795.png,tshirt1795_openpose1795.png
tshirt_1798.png,tshirt1796_openpose1796.png,tshirt1796_densepose1796.png,tshirt1796_densepose1796.png,tshirt1796_openpose1796.png
tshirt_1799.png,tshirt1797_openpose1797.png,tshirt1797_densepose1797.png,tshirt1797_densepose1797.png,tshirt1797_openpose1797.png
tshirt_1800.png,tshirt1798_openpose1798.png,tshirt1798_densepose1798.png,tshirt1798_densepose1798.png,tshirt1798_openpose1798.png
tshirt_1801.png,tshirt1799_openpose1799.png,tshirt1799_densepose1799.png,tshirt1799_densepose1799.png,tshirt1799_openpose1799.png
tshirt_1802.png,tshirt1800_openpose1800.png,tshirt1800_densepose1800.png,tshirt1800_densepose1800.png,tshirt1800_openpose1800.png
tshirt_1803.png,tshirt1801_openpose1801.png,tshirt1801_densepose1801.png,tshirt1801_densepose1801.png,tshirt1801_openpose1801.png
tshirt_1804.png,tshirt1802_openpose1802.png,tshirt1802_densepose1802.png,tshirt1802_densepose1802.png,tshirt1802_openpose1802.png
tshirt_1805.png,tshirt1803_openpose1803.png,tshirt1803_densepose1803.png,tshirt1803_densepose1803.png,tshirt1803_openpose1803.png
tshirt_1806.png,tshirt1804_openpose1804.png,tshirt1804_densepose1804.png,tshirt1804_densepose1804.png,tshirt1804_openpose1804.png
tshirt_1807.png,tshirt1805_openpose1805.png,tshirt1805_densepose1805.png,tshirt1805_densepose1805.png,tshirt1805_openpose1805.png
tshirt_1808.png,tshirt1806_openpose1806.png,tshirt1806_densepose1806.png,tshirt1806_densepose1806.png,tshirt1806_openpose1806.png
tshirt_1809.png,tshirt1807_openpose1807.png,tshirt1807_densepose1807.png,tshirt1807_densepose1807.png,tshirt1807_openpose1807.png
tshirt_1810.png,tshirt1808_openpose1808.png,tshirt1808_densepose1808.png,tshirt1808_densepose1808.png,tshirt1808_openpose1808.png
tshirt_1811.png,tshirt1809_openpose1809.png,tshirt1809_densepose1809.png,tshirt1809_densepose1809.png,tshirt1809_openpose1809.png
tshirt_1812.png,tshirt1810_openpose1810.png,tshirt1810_densepose1810.png,tshirt1810_densepose1810.png,tshirt1810_openpose1810.png
tshirt_1813.png,tshirt1811_openpose1811.png,tshirt1811_densepose1811.png,tshirt1811_densepose1811.png,tshirt1811_openpose1811.png
tshirt_1814.png,tshirt1812_openpose1812.png,tshirt1812_densepose1812.png,tshirt1812_densepose1812.png,tshirt1812_openpose1812.png
tshirt_1815.png,tshirt1813_openpose1813.png,tshirt1813_densepose1813.png,tshirt1813_densepose1813.png,tshirt1813_openpose1813.png
tshirt_1816.png,tshirt1814_openpose1814.png,tshirt1814_densepose1814.png,tshirt1814_densepose1814.png,tshirt1814_openpose1814.png
tshirt_1817.png,tshirt1815_openpose1815.png,tshirt1815_densepose1815.png,tshirt1815_densepose1815.png,tshirt1815_openpose1815.png
tshirt_1818.png,tshirt1816_openpose1816.png,tshirt1816_densepose1816.png,tshirt1816_densepose1816.png,tshirt1816_openpose1816.png
tshirt_1819.png,tshirt1817_openpose1817.png,tshirt1817_densepose1817.png,tshirt1817_densepose1817.png,tshirt1817_openpose1817.png
tshirt_1820.png,tshirt1818_openpose1818.png,tshirt1818_densepose1818.png,tshirt1818_densepose1818.png,tshirt1818_openpose1818.png
tshirt_1821.png,tshirt1819_openpose1819.png,tshirt1819_densepose1819.png,tshirt1819_densepose1819.png,tshirt1819_openpose1819.png
tshirt_1822.png,tshirt1820_openpose1820.png,tshirt1820_densepose1820.png,tshirt1820_densepose1820.png,tshirt1820_openpose1820.png
tshirt_1823.png,tshirt1821_openpose1821.png,tshirt1821_densepose1821.png,tshirt1821_densepose1821.png,tshirt1821_openpose1821.png
tshirt_1824.png,tshirt1822_openpose1822.png,tshirt1822_densepose1822.png,tshirt1822_densepose1822.png,tshirt1822_openpose1822.png
tshirt_1825.png,tshirt1823_openpose1823.png,tshirt1823_densepose1823.png,tshirt1823_densepose1823.png,tshirt1823_openpose1823.png
tshirt_1826.png,tshirt1824_openpose1824.png,tshirt1824_densepose1824.png,tshirt1824_densepose1824.png,tshirt1824_openpose1824.png
tshirt_1827.png,tshirt1825_openpose1825.png,tshirt1825_densepose1825.png,tshirt1825_densepose1825.png,tshirt1825_openpose1825.png
tshirt_1828.png,tshirt1826_openpose1826.png,tshirt1826_densepose1826.png,tshirt1826_densepose1826.png,tshirt1826_openpose1826.png
tshirt_1829.png,tshirt1827_openpose1827.png,tshirt1827_densepose1827.png,tshirt1827_densepose1827.png,tshirt1827_openpose1827.png
tshirt_1830.png,tshirt1828_openpose1828.png,tshirt1828_densepose1828.png,tshirt1828_densepose1828.png,tshirt1828_openpose1828.png
tshirt_1831.png,tshirt1829_openpose1829.png,tshirt1829_densepose1829.png,tshirt1829_densepose1829.png,tshirt1829_openpose1829.png
tshirt_1832.png,tshirt1830_openpose1830.png,tshirt1830_densepose1830.png,tshirt1830_densepose1830.png,tshirt1830_openpose1830.png
tshirt_1833.png,tshirt1831_openpose1831.png,tshirt1831_densepose1831.png,tshirt1831_densepose1831.png,tshirt1831_openpose1831.png
tshirt_1834.png,tshirt1832_openpose1832.png,tshirt1832_densepose1832.png,tshirt1832_densepose1832.png,tshirt1832_openpose1832.png
tshirt_1835.png,tshirt1833_openpose1833.png,tshirt1833_densepose1833.png,tshirt1833_densepose1833.png,tshirt1833_openpose1833.png
tshirt_1836.png,tshirt1834_openpose1834.png,tshirt1834_densepose1834.png,tshirt1834_densepose1834.png,tshirt1834_openpose1834.png
tshirt_1837.png,tshirt1835_openpose1835.png,tshirt1835_densepose1835.png,tshirt1835_densepose1835.png,tshirt1835_openpose1835.png
tshirt_1838.png,tshirt1836_openpose1836.png,tshirt1836_densepose1836.png,tshirt1836_densepose1836.png,tshirt1836_openpose1836.png
tshirt_1839.png,tshirt1837_openpose1837.png,tshirt1837_densepose1837.png,tshirt1837_densepose1837.png,tshirt1837_openpose1837.png
tshirt_1840.png,tshirt1838_openpose1838.png,tshirt1838_densepose1838.png,tshirt1838_densepose1838.png,tshirt1838_openpose1838.png
tshirt_1841.png,tshirt1839_openpose1839.png,tshirt1839_densepose1839.png,tshirt1839_densepose1839.png,tshirt1839_openpose1839.png
tshirt_1842.png,tshirt1840_openpose1840.png,tshirt1840_densepose1840.png,tshirt1840_densepose1840.png,tshirt1840_openpose1840.png
tshirt_1843.png,tshirt1841_openpose1841.png,tshirt1841_densepose1841.png,tshirt1841_densepose1841.png,tshirt1841_openpose1841.png
tshirt_1844.png,tshirt1842_openpose1842.png,tshirt1842_densepose1842.png,tshirt1842_densepose1842.png,tshirt1842_openpose1842.png
tshirt_1845.png,tshirt1843_openpose1843.png,tshirt1843_densepose1843.png,tshirt1843_densepose1843.png,tshirt1843_openpose1843.png
tshirt_1846.png,tshirt1844_openpose1844.png,tshirt1844_densepose1844.png,tshirt1844_densepose1844.png,tshirt1844_openpose1844.png
tshirt_1847.png,tshirt1845_openpose1845.png,tshirt1845_densepose1845.png,tshirt1845_densepose1845.png,tshirt1845_openpose1845.png
tshirt_1848.png,tshirt1846_openpose1846.png,tshirt1846_densepose1846.png,tshirt1846_densepose1846.png,tshirt1846_openpose1846.png
tshirt_1849.png,tshirt1847_openpose1847.png,tshirt1847_densepose1847.png,tshirt1847_densepose1847.png,tshirt1847_openpose1847.png
tshirt_1850.png,tshirt1848_openpose1848.png,tshirt1848_densepose1848.png,tshirt1848_densepose1848.png,tshirt1848_openpose1848.png
tshirt_1851.png,tshirt1849_openpose1849.png,tshirt1849_densepose1849.png,tshirt1849_densepose1849.png,tshirt1849_openpose1849.png
tshirt_1852.png,tshirt1850_openpose1850.png,tshirt1850_densepose1850.png,tshirt1850_densepose1850.png,tshirt1850_openpose1850.png
tshirt_1853.png,tshirt1851_openpose1851.png,tshirt1851_densepose1851.png,tshirt1851_densepose1851.png,tshirt1851_openpose1851.png
tshirt_1854.png,tshirt1852_openpose1852.png,tshirt1852_densepose1852.png,tshirt1852_densepose1852.png,tshirt1852_openpose1852.png
tshirt_1855.png,tshirt1853_openpose1853.png,tshirt1853_densepose1853.png,tshirt1853_densepose1853.png,tshirt1853_openpose1853.png
tshirt_1856.png,tshirt1854_openpose1854.png,tshirt1854_densepose1854.png,tshirt1854_densepose1854.png,tshirt1854_openpose1854.png
tshirt_1857.png,tshirt1855_openpose1855.png,tshirt1855_densepose1855.png,tshirt1855_densepose1855.png,tshirt1855_openpose1855.png
tshirt_1858.png,tshirt1856_openpose1856.png,tshirt1856_densepose1856.png,tshirt1856_densepose1856.png,tshirt1856_openpose1856.png
tshirt_1859.png,tshirt1857_openpose1857.png,tshirt1857_densepose1857.png,tshirt1857_densepose1857.png,tshirt1857_openpose1857.png
tshirt_1860.png,tshirt1858_openpose1858.png,tshirt1858_densepose1858.png,tshirt1858_densepose1858.png,tshirt1858_openpose1858.png
tshirt_1861.png,tshirt1859_openpose1859.png,tshirt1859_densepose1859.png,tshirt1859_densepose1859.png,tshirt1859_openpose1859.png
tshirt_1862.png,tshirt1860_openpose1860.png,tshirt1860_densepose1860.png,tshirt1860_densepose1860.png,tshirt1860_openpose1860.png
tshirt_1863.png,tshirt1861_openpose1861.png,tshirt1861_densepose1861.png,tshirt1861_densepose1861.png,tshirt1861_openpose1861.png
tshirt_1864.png,tshirt1862_openpose1862.png,tshirt1862_densepose1862.png,tshirt1862_densepose1862.png,tshirt1862_openpose1862.png
tshirt_1865.png,tshirt1863_openpose1863.png,tshirt1863_densepose1863.png,tshirt1863_densepose1863.png,tshirt1863_openpose1863.png
tshirt_1866.png,tshirt1864_openpose1864.png,tshirt1864_densepose1864.png,tshirt1864_densepose1864.png,tshirt1864_openpose1864.png
tshirt_1867.png,tshirt1865_openpose1865.png,tshirt1865_densepose1865.png,tshirt1865_densepose1865.png,tshirt1865_openpose1865.png
tshirt_1868.png,tshirt1866_openpose1866.png,tshirt1866_densepose1866.png,tshirt1866_densepose1866.png,tshirt1866_openpose1866.png
tshirt_1869.png,tshirt1867_openpose1867.png,tshirt1867_densepose1867.png,tshirt1867_densepose1867.png,tshirt1867_openpose1867.png
tshirt_1870.png,tshirt1868_openpose1868.png,tshirt1868_densepose1868.png,tshirt1868_densepose1868.png,tshirt1868_openpose1868.png
tshirt_1871.png,tshirt1869_openpose1869.png,tshirt1869_densepose1869.png,tshirt1869_densepose1869.png,tshirt1869_openpose1869.png
tshirt_1872.png,tshirt1870_openpose1870.png,tshirt1870_densepose1870.png,tshirt1870_densepose1870.png,tshirt1870_openpose1870.png
tshirt_1873.png,tshirt1871_openpose1871.png,tshirt1871_densepose1871.png,tshirt1871_densepose1871.png,tshirt1871_openpose1871.png
tshirt_1874.png,tshirt1872_openpose1872.png,tshirt1872_densepose1872.png,tshirt1872_densepose1872.png,tshirt1872_openpose1872.png
tshirt_1875.png,tshirt1873_openpose1873.png,tshirt1873_densepose1873.png,tshirt1873_densepose1873.png,tshirt1873_openpose1873.png
tshirt_1876.png,tshirt1874_openpose1874.png,tshirt1874_densepose1874.png,tshirt1874_densepose1874.png,tshirt1874_openpose1874.png
tshirt_1877.png,tshirt1875_openpose1875.png,tshirt1875_densepose1875.png,tshirt1875_densepose1875.png,tshirt1875_openpose1875.png
tshirt_1878.png,tshirt1876_openpose1876.png,tshirt1876_densepose1876.png,tshirt1876_densepose1876.png,tshirt1876_openpose1876.png
tshirt_1879.png,tshirt1877_openpose1877.png,tshirt1877_densepose1877.png,tshirt1877_densepose1877.png,tshirt1877_openpose1877.png
tshirt_1880.png,tshirt1878_openpose1878.png,tshirt1878_densepose1878.png,tshirt1878_densepose1878.png,tshirt1878_openpose1878.png
tshirt_1881.png,tshirt1879_openpose1879.png,tshirt1879_densepose1879.png,tshirt1879_densepose1879.png,tshirt1879_openpose1879.png
tshirt_1882.png,tshirt1880_openpose1880.png,tshirt1880_densepose1880.png,tshirt1880_densepose1880.png,tshirt1880_openpose1880.png
tshirt_1883.png,tshirt1881_openpose1881.png,tshirt1881_densepose1881.png,tshirt1881_densepose1881.png,tshirt1881_openpose1881.png
tshirt_1884.png,tshirt1882_openpose1882.png,tshirt1882_densepose1882.png,tshirt1882_densepose1882.png,tshirt1882_openpose1882.png
tshirt_1885.png,tshirt1883_openpose1883.png,tshirt1883_densepose1883.png,tshirt1883_densepose1883.png,tshirt1883_openpose1883.png
tshirt_1886.png,tshirt1884_openpose1884.png,tshirt1884_densepose1884.png,tshirt1884_densepose1884.png,tshirt1884_openpose1884.png
tshirt_1887.png,tshirt1885_openpose1885.png,tshirt1885_densepose1885.png,tshirt1885_densepose1885.png,tshirt1885_openpose1885.png
tshirt_1888.png,tshirt1886_openpose1886.png,tshirt1886_densepose1886.png,tshirt1886_densepose1886.png,tshirt1886_openpose1886.png
tshirt_1889.png,tshirt1887_openpose1887.png,tshirt1887_densepose1887.png,tshirt1887_densepose1887.png,tshirt1887_openpose1887.png
tshirt_1890.png,tshirt1888_openpose1888.png,tshirt1888_densepose1888.png,tshirt1888_densepose1888.png,tshirt1888_openpose1888.png
tshirt_1891.png,tshirt1889_openpose1889.png,tshirt1889_densepose1889.png,tshirt1889_densepose1889.png,tshirt1889_openpose1889.png
tshirt_1892.png,tshirt1890_openpose1890.png,tshirt1890_densepose1890.png,tshirt1890_densepose1890.png,tshirt1890_openpose1890.png
tshirt_1893.png,tshirt1891_openpose1891.png,tshirt1891_densepose1891.png,tshirt1891_densepose1891.png,tshirt1891_openpose1891.png
tshirt_1894.png,tshirt1892_openpose1892.png,tshirt1892_densepose1892.png,tshirt1892_densepose1892.png,tshirt1892_openpose1892.png
tshirt_1895.png,tshirt1893_openpose1893.png,tshirt1893_densepose1893.png,tshirt1893_densepose1893.png,tshirt1893_openpose1893.png
tshirt_1896.png,tshirt1894_openpose1894.png,tshirt1894_densepose1894.png,tshirt1894_densepose1894.png,tshirt1894_openpose1894.png
tshirt_1897.png,tshirt1895_openpose1895.png,tshirt1895_densepose1895.png,tshirt1895_densepose1895.png,tshirt1895_openpose1895.png
tshirt_1898.png,tshirt1896_openpose1896.png,tshirt1896_densepose1896.png,tshirt1896_densepose1896.png,tshirt1896_openpose1896.png
tshirt_1899.png,tshirt1897_openpose1897.png,tshirt1897_densepose1897.png,tshirt1897_densepose1897.png,tshirt1897_openpose1897.png
tshirt_1900.png,tshirt1898_openpose1898.png,tshirt1898_densepose1898.png,tshirt1898_densepose1898.png,tshirt1898_openpose1898.png
tshirt_1901.png,tshirt1899_openpose1899.png,tshirt1899_densepose1899.png,tshirt1899_densepose1899.png,tshirt1899_openpose1899.png
tshirt_1902.png,tshirt1900_openpose1900.png,tshirt1900_densepose1900.png,tshirt1900_densepose1900.png,tshirt1900_openpose1900.png
tshirt_1903.png,tshirt1901_openpose1901.png,tshirt1901_densepose1901.png,tshirt1901_densepose1901.png,tshirt1901_openpose1901.png
tshirt_1904.png,tshirt1902_openpose1902.png,tshirt1902_densepose1902.png,tshirt1902_densepose1902.png,tshirt1902_openpose1902.png
tshirt_1905.png,tshirt1903_openpose1903.png,tshirt1903_densepose1903.png,tshirt1903_densepose1903.png,tshirt1903_openpose1903.png
tshirt_1906.png,tshirt1904_openpose1904.png,tshirt1904_densepose1904.png,tshirt1904_densepose1904.png,tshirt1904_openpose1904.png
tshirt_1907.png,tshirt1905_openpose1905.png,tshirt1905_densepose1905.png,tshirt1905_densepose1905.png,tshirt1905_openpose1905.png
tshirt_1908.png,tshirt1906_openpose1906.png,tshirt1906_densepose1906.png,tshirt1906_densepose1906.png,tshirt1906_openpose1906.png
tshirt_1909.png,tshirt1907_openpose1907.png,tshirt1907_densepose1907.png,tshirt1907_densepose1907.png,tshirt1907_openpose1907.png
tshirt_1910.png,tshirt1908_openpose1908.png,tshirt1908_densepose1908.png,tshirt1908_densepose1908.png,tshirt1908_openpose1908.png
tshirt_1911.png,tshirt1909_openpose1909.png,tshirt1909_densepose1909.png,tshirt1909_densepose1909.png,tshirt1909_openpose1909.png
tshirt_1912.png,tshirt1910_openpose1910.png,tshirt1910_densepose1910.png,tshirt1910_densepose1910.png,tshirt1910_openpose1910.png
tshirt_1913.png,tshirt1911_openpose1911.png,tshirt1911_densepose1911.png,tshirt1911_densepose1911.png,tshirt1911_openpose1911.png
tshirt_1914.png,tshirt1912_openpose1912.png,tshirt1912_densepose1912.png,tshirt1912_densepose1912.png,tshirt1912_openpose1912.png
tshirt_1915.png,tshirt1913_openpose1913.png,tshirt1913_densepose1913.png,tshirt1913_densepose1913.png,tshirt1913_openpose1913.png
tshirt_1916.png,tshirt1914_openpose1914.png,tshirt1914_densepose1914.png,tshirt1914_densepose1914.png,tshirt1914_openpose1914.png
tshirt_1917.png,tshirt1915_openpose1915.png,tshirt1915_densepose1915.png,tshirt1915_densepose1915.png,tshirt1915_openpose1915.png
tshirt_1918.png,tshirt1916_openpose1916.png,tshirt1916_densepose1916.png,tshirt1916_densepose1916.png,tshirt1916_openpose1916.png
tshirt_1919.png,tshirt1917_openpose1917.png,tshirt1917_densepose1917.png,tshirt1917_densepose1917.png,tshirt1917_openpose1917.png
tshirt_1920.png,tshirt1918_openpose1918.png,tshirt1918_densepose1918.png,tshirt1918_densepose1918.png,tshirt1918_openpose1918.png
tshirt_1921.png,tshirt1919_openpose1919.png,tshirt1919_densepose1919.png,tshirt1919_densepose1919.png,tshirt1919_openpose1919.png
tshirt_1922.png,tshirt1920_openpose1920.png,tshirt1920_densepose1920.png,tshirt1920_densepose1920.png,tshirt1920_openpose1920.png
tshirt_1923.png,tshirt1921_openpose1921.png,tshirt1921_densepose1921.png,tshirt1921_densepose1921.png,tshirt1921_openpose1921.png
tshirt_1924.png,tshirt1922_openpose1922.png,tshirt1922_densepose1922.png,tshirt1922_densepose1922.png,tshirt1922_openpose1922.png
tshirt_1925.png,tshirt1923_openpose1923.png,tshirt1923_densepose1923.png,tshirt1923_densepose1923.png,tshirt1923_openpose1923.png
tshirt_1926.png,tshirt1924_openpose1924.png,tshirt1924_densepose1924.png,tshirt1924_densepose1924.png,tshirt1924_openpose1924.png
tshirt_1927.png,tshirt1925_openpose1925.png,tshirt1925_densepose1925.png,tshirt1925_densepose1925.png,tshirt1925_openpose1925.png
tshirt_1928.png,tshirt1926_openpose1926.png,tshirt1926_densepose1926.png,tshirt1926_densepose1926.png,tshirt1926_openpose1926.png
tshirt_1929.png,tshirt1927_openpose1927.png,tshirt1927_densepose1927.png,tshirt1927_densepose1927.png,tshirt1927_openpose1927.png
tshirt_1930.png,tshirt1928_openpose1928.png,tshirt1928_densepose1928.png,tshirt1928_densepose1928.png,tshirt1928_openpose1928.png
tshirt_1931.png,tshirt1929_openpose1929.png,tshirt1929_densepose1929.png,tshirt1929_densepose1929.png,tshirt1929_openpose1929.png
tshirt_1932.png,tshirt1930_openpose1930.png,tshirt1930_densepose1930.png,tshirt1930_densepose1930.png,tshirt1930_openpose1930.png
tshirt_1933.png,tshirt1931_openpose1931.png,tshirt1931_densepose1931.png,tshirt1931_densepose1931.png,tshirt1931_openpose1931.png
tshirt_1934.png,tshirt1932_openpose1932.png,tshirt1932_densepose1932.png,tshirt1932_densepose1932.png,tshirt1932_openpose1932.png
tshirt_1935.png,tshirt1933_openpose1933.png,tshirt1933_densepose1933.png,tshirt1933_densepose1933.png,tshirt1933_openpose1933.png
tshirt_1936.png,tshirt1934_openpose1934.png,tshirt1934_densepose1934.png,tshirt1934_densepose1934.png,tshirt1934_openpose1934.png
tshirt_1937.png,tshirt1935_openpose1935.png,tshirt1935_densepose1935.png,tshirt1935_densepose1935.png,tshirt1935_openpose1935.png
tshirt_1938.png,tshirt1936_openpose1936.png,tshirt1936_densepose1936.png,tshirt1936_densepose1936.png,tshirt1936_openpose1936.png
tshirt_1939.png,tshirt1937_openpose1937.png,tshirt1937_densepose1937.png,tshirt1937_densepose1937.png,tshirt1937_openpose1937.png
tshirt_1940.png,tshirt1938_openpose1938.png,tshirt1938_densepose1938.png,tshirt1938_densepose1938.png,tshirt1938_openpose1938.png
tshirt_1941.png,tshirt1939_openpose1939.png,tshirt1939_densepose1939.png,tshirt1939_densepose1939.png,tshirt1939_openpose1939.png
tshirt_1942.png,tshirt1940_openpose1940.png,tshirt1940_densepose1940.png,tshirt1940_densepose1940.png,tshirt1940_openpose1940.png
tshirt_1943.png,tshirt1941_openpose1941.png,tshirt1941_densepose1941.png,tshirt1941_densepose1941.png,tshirt1941_openpose1941.png
tshirt_1944.png,tshirt1942_openpose1942.png,tshirt1942_densepose1942.png,tshirt1942_densepose1942.png,tshirt1942_openpose1942.png
tshirt_1945.png,tshirt1943_openpose1943.png,tshirt1943_densepose1943.png,tshirt1943_densepose1943.png,tshirt1943_openpose1943.png
tshirt_1946.png,tshirt1944_openpose1944.png,tshirt1944_densepose1944.png,tshirt1944_densepose1944.png,tshirt1944_openpose1944.png
tshirt_1947.png,tshirt1945_openpose1945.png,tshirt1945_densepose1945.png,tshirt1945_densepose1945.png,tshirt1945_openpose1945.png
tshirt_1948.png,tshirt1946_openpose1946.png,tshirt1946_densepose1946.png,tshirt1946_densepose1946.png,tshirt1946_openpose1946.png
tshirt_1949.png,tshirt1947_openpose1947.png,tshirt1947_densepose1947.png,tshirt1947_densepose1947.png,tshirt1947_openpose1947.png
tshirt_1950.png,tshirt1948_openpose1948.png,tshirt1948_densepose1948.png,tshirt1948_densepose1948.png,tshirt1948_openpose1948.png
tshirt_1951.png,tshirt1949_openpose1949.png,tshirt1949_densepose1949.png,tshirt1949_densepose1949.png,tshirt1949_openpose1949.png
tshirt_1952.png,tshirt1950_openpose1950.png,tshirt1950_densepose1950.png,tshirt1950_densepose1950.png,tshirt1950_openpose1950.png
tshirt_1953.png,tshirt1951_openpose1951.png,tshirt1951_densepose1951.png,tshirt1951_densepose1951.png,tshirt1951_openpose1951.png
tshirt_1954.png,tshirt1952_openpose1952.png,tshirt1952_densepose1952.png,tshirt1952_densepose1952.png,tshirt1952_openpose1952.png
tshirt_1955.png,tshirt1953_openpose1953.png,tshirt1953_densepose1953.png,tshirt1953_densepose1953.png,tshirt1953_openpose1953.png
tshirt_1956.png,tshirt1954_openpose1954.png,tshirt1954_densepose1954.png,tshirt1954_densepose1954.png,tshirt1954_openpose1954.png
tshirt_1957.png,tshirt1955_openpose1955.png,tshirt1955_densepose1955.png,tshirt1955_densepose1955.png,tshirt1955_openpose1955.png
tshirt_1958.png,tshirt1956_openpose1956.png,tshirt1956_densepose1956.png,tshirt1956_densepose1956.png,tshirt1956_openpose1956.png
tshirt_1959.png,tshirt1957_openpose1957.png,tshirt1957_densepose1957.png,tshirt1957_densepose1957.png,tshirt1957_openpose1957.png
tshirt_1960.png,tshirt1958_openpose1958.png,tshirt1958_densepose1958.png,tshirt1958_densepose1958.png,tshirt1958_openpose1958.png
tshirt_1961.png,tshirt1959_openpose1959.png,tshirt1959_densepose1959.png,tshirt1959_densepose1959.png,tshirt1959_openpose1959.png
tshirt_1962.png,tshirt1960_openpose1960.png,tshirt1960_densepose1960.png,tshirt1960_densepose1960.png,tshirt1960_openpose1960.png
tshirt_1963.png,tshirt1961_openpose1961.png,tshirt1961_densepose1961.png,tshirt1961_densepose1961.png,tshirt1961_openpose1961.png
tshirt_1964.png,tshirt1962_openpose1962.png,tshirt1962_densepose1962.png,tshirt1962_densepose1962.png,tshirt1962_openpose1962.png
tshirt_1965.png,tshirt1963_openpose1963.png,tshirt1963_densepose1963.png,tshirt1963_densepose1963.png,tshirt1963_openpose1963.png
tshirt_1966.png,tshirt1964_openpose1964.png,tshirt1964_densepose1964.png,tshirt1964_densepose1964.png,tshirt1964_openpose1964.png
tshirt_1967.png,tshirt1965_openpose1965.png,tshirt1965_densepose1965.png,tshirt1965_densepose1965.png,tshirt1965_openpose1965.png
tshirt_1968.png,tshirt1966_openpose1966.png,tshirt1966_densepose1966.png,tshirt1966_densepose1966.png,tshirt1966_openpose1966.png
tshirt_1969.png,tshirt1967_openpose1967.png,tshirt1967_densepose1967.png,tshirt1967_densepose1967.png,tshirt1967_openpose1967.png
tshirt_1970.png,tshirt1968_openpose1968.png,tshirt1968_densepose1968.png,tshirt1968_densepose1968.png,tshirt1968_openpose1968.png
tshirt_1971.png,tshirt1969_openpose1969.png,tshirt1969_densepose1969.png,tshirt1969_densepose1969.png,tshirt1969_openpose1969.png
tshirt_1972.png,tshirt1970_openpose1970.png,tshirt1970_densepose1970.png,tshirt1970_densepose1970.png,tshirt1970_openpose1970.png
tshirt_1973.png,tshirt1971_openpose1971.png,tshirt1971_densepose1971.png,tshirt1971_densepose1971.png,tshirt1971_openpose1971.png
tshirt_1974.png,tshirt1972_openpose1972.png,tshirt1972_densepose1972.png,tshirt1972_densepose1972.png,tshirt1972_openpose1972.png
tshirt_1975.png,tshirt1973_openpose1973.png,tshirt1973_densepose1973.png,tshirt1973_densepose1973.png,tshirt1973_openpose1973.png
tshirt_1976.png,tshirt1974_openpose1974.png,tshirt1974_densepose1974.png,tshirt1974_densepose1974.png,tshirt1974_openpose1974.png
tshirt_1977.png,tshirt1975_openpose1975.png,tshirt1975_densepose1975.png,tshirt1975_densepose1975.png,tshirt1975_openpose1975.png
tshirt_1978.png,tshirt1976_openpose1976.png,tshirt1976_densepose1976.png,tshirt1976_densepose1976.png,tshirt1976_openpose1976.png
tshirt_1979.png,tshirt1977_openpose1977.png,tshirt1977_densepose1977.png,tshirt1977_densepose1977.png,tshirt1977_openpose1977.png
tshirt_1980.png,tshirt1978_openpose1978.png,tshirt1978_densepose1978.png,tshirt1978_densepose1978.png,tshirt1978_openpose1978.png
tshirt_1981.png,tshirt1979_openpose1979.png,tshirt1979_densepose1979.png,tshirt1979_densepose1979.png,tshirt1979_openpose1979.png
tshirt_1982.png,tshirt1980_openpose1980.png,tshirt1980_densepose1980.png,tshirt1980_densepose1980.png,tshirt1980_openpose1980.png
tshirt_1983.png,tshirt1981_openpose1981.png,tshirt1981_densepose1981.png,tshirt1981_densepose1981.png,tshirt1981_openpose1981.png
tshirt_1984.png,tshirt1982_openpose1982.png,tshirt1982_densepose1982.png,tshirt1982_densepose1982.png,tshirt1982_openpose1982.png
tshirt_1985.png,tshirt1983_openpose1983.png,tshirt1983_densepose1983.png,tshirt1983_densepose1983.png,tshirt1983_openpose1983.png
tshirt_1986.png,tshirt1984_openpose1984.png,tshirt1984_densepose1984.png,tshirt1984_densepose1984.png,tshirt1984_openpose1984.png
tshirt_1987.png,tshirt1985_openpose1985.png,tshirt1985_densepose1985.png,tshirt1985_densepose1985.png,tshirt1985_openpose1985.png
tshirt_1988.png,tshirt1986_openpose1986.png,tshirt1986_densepose1986.png,tshirt1986_densepose1986.png,tshirt1986_openpose1986.png
tshirt_1989.png,tshirt1987_openpose1987.png,tshirt1987_densepose1987.png,tshirt1987_densepose1987.png,tshirt1987_openpose1987.png
tshirt_1990.png,tshirt1988_openpose1988.png,tshirt1988_densepose1988.png,tshirt1988_densepose1988.png,tshirt1988_openpose1988.png
tshirt_1991.png,tshirt1989_openpose1989.png,tshirt1989_densepose1989.png,tshirt1989_densepose1989.png,tshirt1989_openpose1989.png
tshirt_1992.png,tshirt1990_openpose1990.png,tshirt1990_densepose1990.png,tshirt1990_densepose1990.png,tshirt1990_openpose1990.png
tshirt_1993.png,tshirt1991_openpose1991.png,tshirt1991_densepose1991.png,tshirt1991_densepose1991.png,tshirt1991_openpose1991.png
tshirt_1994.png,tshirt1992_openpose1992.png,tshirt1992_densepose1992.png,tshirt1992_densepose1992.png,tshirt1992_openpose1992.png
tshirt_1995.png,tshirt1993_openpose1993.png,tshirt1993_densepose1993.png,tshirt1993_densepose1993.png,tshirt1993_openpose1993.png
tshirt_1996.png,tshirt1994_openpose1994.png,tshirt1994_densepose1994.png,tshirt1994_densepose1994.png,tshirt1994_openpose1994.png
tshirt_1997.png,tshirt1995_openpose1995.png,tshirt1995_densepose1995.png,tshirt1995_densepose1995.png,tshirt1995_openpose1995.png
tshirt_1998.png,tshirt1996_openpose1996.png,tshirt1996_densepose1996.png,tshirt1996_densepose1996.png,tshirt1996_openpose1996.png
tshirt_1999.png,tshirt1997_openpose1997.png,tshirt1997_densepose1997.png,tshirt1997_densepose1997.png,tshirt1997_openpose1997.png
tshirt_2000.png,tshirt1998_openpose1998.png,tshirt1998_densepose1998.png,tshirt1998_densepose1998.png,tshirt1998_openpose1998.png
tshirt_2001.png,tshirt1999_openpose1999.png,tshirt1999_densepose1999.png,tshirt1999_densepose1999.png,tshirt1999_openpose1999.png
tshirt_2002.png,tshirt2000_openpose2000.png,tshirt2000_densepose2000.png,tshirt2000_densepose2000.png,tshirt2000_openpose2000.png
tshirt_2003.png,tshirt2001_openpose2001.png,tshirt2001_densepose2001.png,tshirt2001_densepose2001.png,tshirt2001_openpose2001.png
tshirt_2004.png,tshirt2002_openpose2002.png,tshirt2002_densepose2002.png,tshirt2002_densepose2002.png,tshirt2002_openpose2002.png
tshirt_2005.png,tshirt2003_openpose2003.png,tshirt2003_densepose2003.png,tshirt2003_densepose2003.png,tshirt2003_openpose2003.png
tshirt_2006.png,tshirt2004_openpose2004.png,tshirt2004_densepose2004.png,tshirt2004_densepose2004.png,tshirt2004_openpose2004.png
tshirt_2007.png,tshirt2005_openpose2005.png,tshirt2005_densepose2005.png,tshirt2005_densepose2005.png,tshirt2005_openpose2005.png
tshirt_2008.png,tshirt2006_openpose2006.png,tshirt2006_densepose2006.png,tshirt2006_densepose2006.png,tshirt2006_openpose2006.png
tshirt_2009.png,tshirt2007_openpose2007.png,tshirt2007_densepose2007.png,tshirt2007_densepose2007.png,tshirt2007_openpose2007.png
tshirt_2010.png,tshirt2008_openpose2008.png,tshirt2008_densepose2008.png,tshirt2008_densepose2008.png,tshirt2008_openpose2008.png
tshirt_2011.png,tshirt2009_openpose2009.png,tshirt2009_densepose2009.png,tshirt2009_densepose2009.png,tshirt2009_openpose2009.png
tshirt_2012.png,tshirt2010_openpose2010.png,tshirt2010_densepose2010.png,tshirt2010_densepose2010.png,tshirt2010_openpose2010.png
tshirt_2013.png,tshirt2011_openpose2011.png,tshirt2011_densepose2011.png,tshirt2011_densepose2011.png,tshirt2011_openpose2011.png
tshirt_2014.png,tshirt2012_openpose2012.png,tshirt2012_densepose2012.png,tshirt2012_densepose2012.png,tshirt2012_openpose2012.png
tshirt_2015.png,tshirt2013_openpose2013.png,tshirt2013_densepose2013.png,tshirt2013_densepose2013.png,tshirt2013_openpose2013.png
tshirt_2016.png,tshirt2014_openpose2014.png,tshirt2014_densepose2014.png,tshirt2014_densepose2014.png,tshirt2014_openpose2014.png
tshirt_2017.png,tshirt2015_openpose2015.png,tshirt2015_densepose2015.png,tshirt2015_densepose2015.png,tshirt2015_openpose2015.png
tshirt_2018.png,tshirt2016_openpose2016.png,tshirt2016_densepose2016.png,tshirt2016_densepose2016.png,tshirt2016_openpose2016.png
tshirt_2019.png,tshirt2017_openpose2017.png,tshirt2017_densepose2017.png,tshirt2017_densepose2017.png,tshirt2017_openpose2017.png
tshirt_2020.png,tshirt2018_openpose2018.png,tshirt2018_densepose2018.png,tshirt2018_densepose2018.png,tshirt2018_openpose2018.png
tshirt_2021.png,tshirt2019_openpose2019.png,tshirt2019_densepose2019.png,tshirt2019_densepose2019.png,tshirt2019_openpose2019.png
tshirt_2022.png,tshirt2020_openpose2020.png,tshirt2020_densepose2020.png,tshirt2020_densepose2020.png,tshirt2020_openpose2020.png
tshirt_2023.png,tshirt2021_openpose2021.png,tshirt2021_densepose2021.png,tshirt2021_densepose2021.png,tshirt2021_openpose2021.png
tshirt_2024.png,tshirt2022_openpose2022.png,tshirt2022_densepose2022.png,tshirt2022_densepose2022.png,tshirt2022_openpose2022.png
tshirt_2025.png,tshirt2023_openpose2023.png,tshirt2023_densepose2023.png,tshirt2023_densepose2023.png,tshirt2023_openpose2023.png
tshirt_2026.png,tshirt2024_openpose2024.png,tshirt2024_densepose2024.png,tshirt2024_densepose2024.png,tshirt2024_openpose2024.png
tshirt_2027.png,tshirt2025_openpose2025.png,tshirt2025_densepose2025.png,tshirt2025_densepose2025.png,tshirt2025_openpose2025.png
tshirt_2028.png,tshirt2026_openpose2026.png,tshirt2026_densepose2026.png,tshirt2026_densepose2026.png,tshirt2026_openpose2026.png
tshirt_2029.png,tshirt2027_openpose2027.png,tshirt2027_densepose2027.png,tshirt2027_densepose2027.png,tshirt2027_openpose2027.png
tshirt_2030.png,tshirt2028_openpose2028.png,tshirt2028_densepose2028.png,tshirt2028_densepose2028.png,tshirt2028_openpose2028.png
tshirt_2031.png,tshirt2029_openpose2029.png,tshirt2029_densepose2029.png,tshirt2029_densepose2029.png,tshirt2029_openpose2029.png
tshirt_2032.png,tshirt2030_openpose2030.png,tshirt2030_densepose2030.png,tshirt2030_densepose2030.png,tshirt2030_openpose2030.png
tshirt_2033.png,tshirt2031_openpose2031.png,tshirt2031_densepose2031.png,tshirt2031_densepose2031.png,tshirt2031_openpose2031.png
